<?xml version="1.0" encoding="UTF-8"?>
<fileResource exportedWithPermissions="true" dataFile="supermart_ja.properties.data">
    <folder>/public/Samples/Resources/Extras</folder>
    <name>supermart_ja.properties</name>
    <version>1</version>
    <label>supermart_ja.properties</label>
    <description>Japanese resource bundle</description>
    <creationDate>2015-12-14T11:19:38.669Z</creationDate>
    <updateDate>2014-09-30T10:27:44.181+01:00</updateDate>
    <fileType>prop</fileType>
</fileResource>
