<?xml version="1.0" encoding="UTF-8"?>
<fileResource exportedWithPermissions="true" dataFile="supermart_es.properties.data">
    <folder>/public/Samples/Resources/Extras</folder>
    <name>supermart_es.properties</name>
    <version>1</version>
    <label>supermart_es.properties</label>
    <description>Spanish resource bundle</description>
    <creationDate>2015-12-14T11:19:39.024Z</creationDate>
    <updateDate>2014-09-30T10:27:44.239+01:00</updateDate>
    <fileType>prop</fileType>
</fileResource>
