<?xml version="1.0" encoding="UTF-8"?>
<fileResource exportedWithPermissions="true" dataFile="supermart_en_US.properties.data">
    <folder>/public/Samples/Resources/Extras</folder>
    <name>supermart_en_US.properties</name>
    <version>1</version>
    <label>supermart_en_US.properties</label>
    <description>US English resource bundle</description>
    <creationDate>2015-12-14T11:19:38.265Z</creationDate>
    <updateDate>2014-09-30T10:27:43.907+01:00</updateDate>
    <fileType>prop</fileType>
</fileResource>
