<?xml version="1.0" encoding="UTF-8"?>
<fileResource exportedWithPermissions="true" dataFile="supermart_zh_CN.properties.data">
    <folder>/public/Samples/Resources/Extras</folder>
    <name>supermart_zh_CN.properties</name>
    <version>1</version>
    <label>supermart_zh_CN.properties</label>
    <description>Chinese resource bundle</description>
    <creationDate>2015-12-14T11:19:39.970Z</creationDate>
    <updateDate>2014-09-30T10:27:43.840+01:00</updateDate>
    <fileType>prop</fileType>
</fileResource>
