<?xml version="1.0" encoding="UTF-8"?>
<fileResource exportedWithPermissions="true" dataFile="supermart_fr.properties.data">
    <folder>/public/Samples/Resources/Extras</folder>
    <name>supermart_fr.properties</name>
    <version>1</version>
    <label>supermart_fr.properties</label>
    <description>French resource bundle</description>
    <creationDate>2015-12-14T11:19:39.434Z</creationDate>
    <updateDate>2014-09-30T10:27:44.030+01:00</updateDate>
    <fileType>prop</fileType>
</fileResource>
