<?xml version="1.0" encoding="UTF-8"?>
<folder exportedWithPermissions="true">
    <parent>/public</parent>
    <name>Public_Dasboards</name>
    <label>Public Dasboards</label>
    <description>This folder was created by the Fresh Delivery Sample. Save here dashboards you want to expose on the sample. more info here: https://github.com/gianlucanatali/FreshDeliveryDemo</description>
    <creationDate>2015-12-17T13:56:00.538+01:00</creationDate>
    <updateDate>2015-12-17T13:56:56.327+01:00</updateDate>
    <resource>2._Performance_Summary_Dashboard</resource>
</folder>
