<?xml version="1.0" encoding="UTF-8"?>
<semanticLayerDataSource exportedWithPermissions="true">
    <folder>/public/Samples/Domains</folder>
    <name>supermartDomain</name>
    <version>1</version>
    <label>Supermart Domain</label>
    <description>Comprehensive example of Domain (pre-joined table sets for complex reporting, custom query based dataset, column and row security, I18n bundles)</description>
    <creationDate>2015-12-14T11:19:42.386Z</creationDate>
    <updateDate>2013-03-29T07:43:13.687Z</updateDate>
    <schema>
        <localResource
            xmlns:xsi="http://www.w3.org/2001/XMLSchema-instance"
            exportedWithPermissions="false" dataFile="schema.xml.data" xsi:type="fileResource">
            <folder>/public/Samples/Domains/supermartDomain_files</folder>
            <name>schema.xml</name>
            <version>1</version>
            <label>schema</label>
            <description>schema</description>
            <creationDate>2015-12-14T11:19:42.386Z</creationDate>
            <updateDate>2013-03-29T07:43:13.687Z</updateDate>
            <fileType>xml</fileType>
        </localResource>
    </schema>
    <securityFile>
        <localResource
            xmlns:xsi="http://www.w3.org/2001/XMLSchema-instance"
            exportedWithPermissions="false"
            dataFile="supermartDomain_domain_security.data" xsi:type="fileResource">
            <folder>/public/Samples/Domains/supermartDomain_files</folder>
            <name>supermartDomain_domain_security</name>
            <version>1</version>
            <label>supermartDomain_domain_security</label>
            <description>supermartDomain_domain_security</description>
            <creationDate>2015-12-14T11:19:42.386Z</creationDate>
            <updateDate>2012-10-15T09:12:06.740+01:00</updateDate>
            <fileType>xml</fileType>
        </localResource>
    </securityFile>
    <dataSource>
        <alias>dsFoodMart</alias>
        <dataSourceReference>
            <uri>/public/Samples/Data_Sources/FoodmartDataSourceJNDI</uri>
        </dataSourceReference>
    </dataSource>
    <bundle>
        <localeStr></localeStr>
        <bundle>
            <localResource
                xmlns:xsi="http://www.w3.org/2001/XMLSchema-instance"
                exportedWithPermissions="false"
                dataFile="supermart_domain.properties.data" xsi:type="fileResource">
                <folder>/public/Samples/Domains/supermartDomain_files</folder>
                <name>supermart_domain.properties</name>
                <version>1</version>
                <label>bundle</label>
                <description>bundle</description>
                <creationDate>2015-12-14T11:19:42.386Z</creationDate>
                <updateDate>2013-03-29T07:43:13.687Z</updateDate>
                <fileType>prop</fileType>
            </localResource>
        </bundle>
    </bundle>
    <bundle>
        <localeStr>en_US</localeStr>
        <bundle>
            <localResource
                xmlns:xsi="http://www.w3.org/2001/XMLSchema-instance"
                exportedWithPermissions="false"
                dataFile="supermart_domain_en_US.properties.data" xsi:type="fileResource">
                <folder>/public/Samples/Domains/supermartDomain_files</folder>
                <name>supermart_domain_en_US.properties</name>
                <version>1</version>
                <label>bundle</label>
                <description>bundle</description>
                <creationDate>2015-12-14T11:19:42.386Z</creationDate>
                <updateDate>2013-03-29T07:43:13.687Z</updateDate>
                <fileType>prop</fileType>
            </localResource>
        </bundle>
    </bundle>
    <bundle>
        <localeStr>es</localeStr>
        <bundle>
            <localResource
                xmlns:xsi="http://www.w3.org/2001/XMLSchema-instance"
                exportedWithPermissions="false"
                dataFile="supermart_domain_es.properties.data" xsi:type="fileResource">
                <folder>/public/Samples/Domains/supermartDomain_files</folder>
                <name>supermart_domain_es.properties</name>
                <version>1</version>
                <label>bundle</label>
                <description>bundle</description>
                <creationDate>2015-12-14T11:19:42.386Z</creationDate>
                <updateDate>2013-03-29T07:43:13.687Z</updateDate>
                <fileType>prop</fileType>
            </localResource>
        </bundle>
    </bundle>
    <bundle>
        <localeStr>fr</localeStr>
        <bundle>
            <localResource
                xmlns:xsi="http://www.w3.org/2001/XMLSchema-instance"
                exportedWithPermissions="false"
                dataFile="supermart_domain_fr.properties.data" xsi:type="fileResource">
                <folder>/public/Samples/Domains/supermartDomain_files</folder>
                <name>supermart_domain_fr.properties</name>
                <version>1</version>
                <label>bundle</label>
                <description>bundle</description>
                <creationDate>2015-12-14T11:19:42.386Z</creationDate>
                <updateDate>2013-03-29T07:43:13.687Z</updateDate>
                <fileType>prop</fileType>
            </localResource>
        </bundle>
    </bundle>
    <bundle>
        <localeStr>ja</localeStr>
        <bundle>
            <localResource
                xmlns:xsi="http://www.w3.org/2001/XMLSchema-instance"
                exportedWithPermissions="false"
                dataFile="supermart_domain_ja.properties.data" xsi:type="fileResource">
                <folder>/public/Samples/Domains/supermartDomain_files</folder>
                <name>supermart_domain_ja.properties</name>
                <version>1</version>
                <label>bundle</label>
                <description>bundle</description>
                <creationDate>2015-12-14T11:19:42.386Z</creationDate>
                <updateDate>2013-03-29T07:43:13.687Z</updateDate>
                <fileType>prop</fileType>
            </localResource>
        </bundle>
    </bundle>
    <bundle>
        <localeStr>zh_CN</localeStr>
        <bundle>
            <localResource
                xmlns:xsi="http://www.w3.org/2001/XMLSchema-instance"
                exportedWithPermissions="false"
                dataFile="supermart_domain_zh_CN.properties.data" xsi:type="fileResource">
                <folder>/public/Samples/Domains/supermartDomain_files</folder>
                <name>supermart_domain_zh_CN.properties</name>
                <version>1</version>
                <label>bundle</label>
                <description>bundle</description>
                <creationDate>2015-12-14T11:19:42.386Z</creationDate>
                <updateDate>2013-03-29T07:43:13.687Z</updateDate>
                <fileType>prop</fileType>
            </localResource>
        </bundle>
    </bundle>
    <bundle>
        <localeStr>de</localeStr>
        <bundle>
            <localResource
                xmlns:xsi="http://www.w3.org/2001/XMLSchema-instance"
                exportedWithPermissions="false"
                dataFile="supermart_domain_de.properties.data" xsi:type="fileResource">
                <folder>/public/Samples/Domains/supermartDomain_files</folder>
                <name>supermart_domain_de.properties</name>
                <version>1</version>
                <label>bundle</label>
                <description>bundle</description>
                <creationDate>2015-12-14T11:19:42.386Z</creationDate>
                <updateDate>2013-03-29T07:43:13.687Z</updateDate>
                <fileType>prop</fileType>
            </localResource>
        </bundle>
    </bundle>
</semanticLayerDataSource>
