<?xml version="1.0" encoding="UTF-8"?>
<dashboardModelResource exportedWithPermissions="true">
    <folder>/public/Samples/FreshDelivery_Demo</folder>
    <name>Employee_Dashboard</name>
    <version>1</version>
    <label>Employee Dashboard</label>
    <description>Sample employee dashboard with Dashlet hyperlinks.</description>
    <creationDate>2015-12-14T11:20:31.128Z</creationDate>
    <updateDate>2015-06-15T16:10:22.402+01:00</updateDate>
    <defaultFoundation>default</defaultFoundation>
    <foundation>
        <id>default</id>
        <layout>layout</layout>
        <wiring>wiring</wiring>
        <components>components</components>
    </foundation>
    <resourceDescriptor>
        <type>wiring</type>
        <id>wiring</id>
    </resourceDescriptor>
    <resourceDescriptor>
        <type>layout</type>
        <id>layout</id>
    </resourceDescriptor>
    <resourceDescriptor>
        <type>components</type>
        <id>components</id>
    </resourceDescriptor>
    <resourceDescriptor>
        <type>adhocDataView</type>
        <id>/temp/tmpAdv_1433273018824_kkcv</id>
    </resourceDescriptor>
    <resourceDescriptor>
        <type>adhocDataView</type>
        <id>/temp/tmpAdv_1433274384734_bmpb</id>
    </resourceDescriptor>
    <resourceDescriptor>
        <type>adhocDataView</type>
        <id>/temp/tmpAdv_1433283795505_fzni</id>
    </resourceDescriptor>
    <resourceDescriptor>
        <type>adhocDataView</type>
        <id>/temp/tmpAdv_1433285447031_btgj</id>
    </resourceDescriptor>
    <resource>
        <localResource
            xmlns:xsi="http://www.w3.org/2001/XMLSchema-instance"
            exportedWithPermissions="false" dataFile="wiring.data" xsi:type="fileResource">
            <folder>/public/Samples/FreshDelivery_Demo/Employee_Dashboard_files</folder>
            <name>wiring</name>
            <version>1</version>
            <label>wiring</label>
            <creationDate>2015-12-14T11:20:31.128Z</creationDate>
            <updateDate>2015-06-15T16:10:22.402+01:00</updateDate>
            <fileType>json</fileType>
        </localResource>
    </resource>
    <resource>
        <localResource
            xmlns:xsi="http://www.w3.org/2001/XMLSchema-instance"
            exportedWithPermissions="false" dataFile="layout" xsi:type="contentResource">
            <folder>/public/Samples/FreshDelivery_Demo/Employee_Dashboard_files</folder>
            <name>layout</name>
            <version>1</version>
            <label>layout</label>
            <creationDate>2015-12-14T11:20:31.128Z</creationDate>
            <updateDate>2015-06-15T16:10:22.402+01:00</updateDate>
            <fileType>html</fileType>
        </localResource>
    </resource>
    <resource>
        <localResource
            xmlns:xsi="http://www.w3.org/2001/XMLSchema-instance"
            exportedWithPermissions="false" dataFile="components.data" xsi:type="fileResource">
            <folder>/public/Samples/FreshDelivery_Demo/Employee_Dashboard_files</folder>
            <name>components</name>
            <version>1</version>
            <label>components</label>
            <creationDate>2015-12-14T11:20:31.128Z</creationDate>
            <updateDate>2015-06-15T16:10:22.402+01:00</updateDate>
            <fileType>dashboardComponent</fileType>
        </localResource>
    </resource>
    <resource>
        <localResource
            xmlns:xsi="http://www.w3.org/2001/XMLSchema-instance"
            exportedWithPermissions="false" xsi:type="adhocDataView">
            <folder>/public/Samples/FreshDelivery_Demo/Employee_Dashboard_files</folder>
            <name>tmpAdv_1433273018824_kkcv</name>
            <version>1</version>
            <label>tmpAdv_1433273018824_kkcv</label>
            <description>Dashboard visualization.</description>
            <creationDate>2015-12-14T11:20:31.128Z</creationDate>
            <updateDate>2015-06-15T16:10:22.402+01:00</updateDate>
            <dataSource>
                <uri>/organizations/organization_1/Domains/supermartDomain</uri>
            </dataSource>
            <inputControl>
                <localResource exportedWithPermissions="false" xsi:type="inputControl">
                    <folder>/public/Samples/FreshDelivery_Demo/Employee_Dashboard_files/tmpAdv_1433273018824_kkcv_files</folder>
                    <name>emp_store__store_type_1</name>
                    <version>0</version>
                    <label>$R{supermart.store.store_type.label}</label>
                    <creationDate>2015-12-14T11:20:31.128Z</creationDate>
                    <updateDate>2015-06-15T16:10:22.402+01:00</updateDate>
                    <type>7</type>
                    <mandatory>false</mandatory>
                    <readOnly>false</readOnly>
                    <visible>true</visible>
                    <query>
                        <localResource exportedWithPermissions="false" xsi:type="query">
                            <folder>/public/Samples/FreshDelivery_Demo/Employee_Dashboard_files/tmpAdv_1433273018824_kkcv_files/emp_store__store_type_1_files</folder>
                            <name>emp_store__store_type_1</name>
                            <version>0</version>
                            <label>$R{supermart.store.store_type.label}</label>
                            <creationDate>2015-12-14T11:20:31.128Z</creationDate>
                            <updateDate>2015-06-15T16:10:22.402+01:00</updateDate>
                            <language>domain</language>
                            <queryString>&lt;?xml version="1.0" encoding="UTF-8"?&gt;
&lt;query xmlns="http://www.jaspersoft.com/2007/SL/XMLSchema"&gt;
  &lt;groupList&gt;
    &lt;group columnName="employee.emp_store.emp_store__store_type" /&gt;
  &lt;/groupList&gt;
  &lt;queryFields&gt;
    &lt;queryField id="store4.store_type" /&gt;
    &lt;queryField id="employee.emp_store.emp_store__store_type" /&gt;
  &lt;/queryFields&gt;
&lt;/query&gt;

</queryString>
                            <dataSource>
                                <uri>/organizations/organization_1/Domains/supermartDomain</uri>
                            </dataSource>
                        </localResource>
                    </query>
                    <queryVisibleColumn>employee.emp_store.emp_store__store_type</queryVisibleColumn>
                    <queryValueColumn>employee.emp_store.emp_store__store_type</queryValueColumn>
                </localResource>
            </inputControl>
            <resource>
                <localResource exportedWithPermissions="false"
                    dataFile="supermart_domain.properties.data" xsi:type="fileResource">
                    <folder>/public/Samples/FreshDelivery_Demo/Employee_Dashboard_files/tmpAdv_1433273018824_kkcv_files</folder>
                    <name>supermart_domain.properties</name>
                    <version>0</version>
                    <label>bundle</label>
                    <description>bundle</description>
                    <creationDate>2015-12-14T11:20:31.128Z</creationDate>
                    <updateDate>2015-06-15T16:10:22.402+01:00</updateDate>
                    <fileType>prop</fileType>
                </localResource>
            </resource>
            <resource>
                <localResource exportedWithPermissions="false"
                    dataFile="supermart_domain_en_US.properties.data" xsi:type="fileResource">
                    <folder>/public/Samples/FreshDelivery_Demo/Employee_Dashboard_files/tmpAdv_1433273018824_kkcv_files</folder>
                    <name>supermart_domain_en_US.properties</name>
                    <version>0</version>
                    <label>bundle</label>
                    <description>bundle</description>
                    <creationDate>2015-12-14T11:20:31.128Z</creationDate>
                    <updateDate>2015-06-15T16:10:22.402+01:00</updateDate>
                    <fileType>prop</fileType>
                </localResource>
            </resource>
            <resource>
                <localResource exportedWithPermissions="false"
                    dataFile="supermart_domain_de.properties.data" xsi:type="fileResource">
                    <folder>/public/Samples/FreshDelivery_Demo/Employee_Dashboard_files/tmpAdv_1433273018824_kkcv_files</folder>
                    <name>supermart_domain_de.properties</name>
                    <version>0</version>
                    <label>bundle</label>
                    <description>bundle</description>
                    <creationDate>2015-12-14T11:20:31.128Z</creationDate>
                    <updateDate>2015-06-15T16:10:22.402+01:00</updateDate>
                    <fileType>prop</fileType>
                </localResource>
            </resource>
            <resource>
                <localResource exportedWithPermissions="false"
                    dataFile="supermart_domain_fr.properties.data" xsi:type="fileResource">
                    <folder>/public/Samples/FreshDelivery_Demo/Employee_Dashboard_files/tmpAdv_1433273018824_kkcv_files</folder>
                    <name>supermart_domain_fr.properties</name>
                    <version>0</version>
                    <label>bundle</label>
                    <description>bundle</description>
                    <creationDate>2015-12-14T11:20:31.128Z</creationDate>
                    <updateDate>2015-06-15T16:10:22.402+01:00</updateDate>
                    <fileType>prop</fileType>
                </localResource>
            </resource>
            <resource>
                <localResource exportedWithPermissions="false"
                    dataFile="supermart_domain_es.properties.data" xsi:type="fileResource">
                    <folder>/public/Samples/FreshDelivery_Demo/Employee_Dashboard_files/tmpAdv_1433273018824_kkcv_files</folder>
                    <name>supermart_domain_es.properties</name>
                    <version>0</version>
                    <label>bundle</label>
                    <description>bundle</description>
                    <creationDate>2015-12-14T11:20:31.128Z</creationDate>
                    <updateDate>2015-06-15T16:10:22.402+01:00</updateDate>
                    <fileType>prop</fileType>
                </localResource>
            </resource>
            <resource>
                <localResource exportedWithPermissions="false"
                    dataFile="supermart_domain_ja.properties.data" xsi:type="fileResource">
                    <folder>/public/Samples/FreshDelivery_Demo/Employee_Dashboard_files/tmpAdv_1433273018824_kkcv_files</folder>
                    <name>supermart_domain_ja.properties</name>
                    <version>0</version>
                    <label>bundle</label>
                    <description>bundle</description>
                    <creationDate>2015-12-14T11:20:31.128Z</creationDate>
                    <updateDate>2015-06-15T16:10:22.402+01:00</updateDate>
                    <fileType>prop</fileType>
                </localResource>
            </resource>
            <resource>
                <localResource exportedWithPermissions="false"
                    dataFile="supermart_domain_zh_CN.properties.data" xsi:type="fileResource">
                    <folder>/public/Samples/FreshDelivery_Demo/Employee_Dashboard_files/tmpAdv_1433273018824_kkcv_files</folder>
                    <name>supermart_domain_zh_CN.properties</name>
                    <version>0</version>
                    <label>bundle</label>
                    <description>bundle</description>
                    <creationDate>2015-12-14T11:20:31.128Z</creationDate>
                    <updateDate>2015-06-15T16:10:22.402+01:00</updateDate>
                    <fileType>prop</fileType>
                </localResource>
            </resource>
            <resource>
                <localResource exportedWithPermissions="false"
                    dataFile="topicJRXML.data" xsi:type="fileResource">
                    <folder>/public/Samples/FreshDelivery_Demo/Employee_Dashboard_files/tmpAdv_1433273018824_kkcv_files</folder>
                    <name>topicJRXML</name>
                    <version>0</version>
                    <label>topicJRXML</label>
                    <creationDate>2015-12-14T11:20:31.128Z</creationDate>
                    <updateDate>2015-06-15T16:10:22.402+01:00</updateDate>
                    <fileType>jrxml</fileType>
                </localResource>
            </resource>
            <resource>
                <localResource exportedWithPermissions="false"
                    dataFile="stateXML.data" xsi:type="fileResource">
                    <folder>/public/Samples/FreshDelivery_Demo/Employee_Dashboard_files/tmpAdv_1433273018824_kkcv_files</folder>
                    <name>stateXML</name>
                    <version>0</version>
                    <label>stateXML</label>
                    <creationDate>2015-12-14T11:20:31.128Z</creationDate>
                    <updateDate>2015-06-15T16:10:22.402+01:00</updateDate>
                    <fileType>xml</fileType>
                </localResource>
            </resource>
            <reports>
                <localResource exportedWithPermissions="false" xsi:type="reportUnit">
                    <folder>/public/Samples/FreshDelivery_Demo/Employee_Dashboard_files/tmpAdv_1433273018824_kkcv_files</folder>
                    <name>dashboardReport</name>
                    <version>1</version>
                    <label>dashboardReport</label>
                    <creationDate>2015-12-14T11:20:31.128Z</creationDate>
                    <updateDate>2015-06-15T16:10:22.402+01:00</updateDate>
                    <mainReport>
                        <localResource exportedWithPermissions="false"
                            dataFile="mainReportJrxml.data" xsi:type="fileResource">
                            <folder>/public/Samples/FreshDelivery_Demo/Employee_Dashboard_files/tmpAdv_1433273018824_kkcv_files/dashboardReport_files</folder>
                            <name>mainReportJrxml</name>
                            <version>0</version>
                            <label>mainReportJrxml</label>
                            <creationDate>2015-12-14T11:20:31.128Z</creationDate>
                            <updateDate>2015-06-15T16:10:22.402+01:00</updateDate>
                            <fileType>jrxml</fileType>
                        </localResource>
                    </mainReport>
                    <resource>
                        <localResource exportedWithPermissions="false"
                            dataFile="supermart_domain.properties.data" xsi:type="fileResource">
                            <folder>/public/Samples/FreshDelivery_Demo/Employee_Dashboard_files/tmpAdv_1433273018824_kkcv_files/dashboardReport_files</folder>
                            <name>supermart_domain.properties</name>
                            <version>0</version>
                            <label>bundle</label>
                            <description>bundle</description>
                            <creationDate>2015-12-14T11:20:31.128Z</creationDate>
                            <updateDate>2015-06-15T16:10:22.402+01:00</updateDate>
                            <fileType>prop</fileType>
                        </localResource>
                    </resource>
                    <resource>
                        <localResource exportedWithPermissions="false"
                            dataFile="supermart_domain_en_US.properties.data" xsi:type="fileResource">
                            <folder>/public/Samples/FreshDelivery_Demo/Employee_Dashboard_files/tmpAdv_1433273018824_kkcv_files/dashboardReport_files</folder>
                            <name>supermart_domain_en_US.properties</name>
                            <version>0</version>
                            <label>bundle</label>
                            <description>bundle</description>
                            <creationDate>2015-12-14T11:20:31.128Z</creationDate>
                            <updateDate>2015-06-15T16:10:22.402+01:00</updateDate>
                            <fileType>prop</fileType>
                        </localResource>
                    </resource>
                    <resource>
                        <localResource exportedWithPermissions="false"
                            dataFile="supermart_domain_de.properties.data" xsi:type="fileResource">
                            <folder>/public/Samples/FreshDelivery_Demo/Employee_Dashboard_files/tmpAdv_1433273018824_kkcv_files/dashboardReport_files</folder>
                            <name>supermart_domain_de.properties</name>
                            <version>0</version>
                            <label>bundle</label>
                            <description>bundle</description>
                            <creationDate>2015-12-14T11:20:31.128Z</creationDate>
                            <updateDate>2015-06-15T16:10:22.402+01:00</updateDate>
                            <fileType>prop</fileType>
                        </localResource>
                    </resource>
                    <resource>
                        <localResource exportedWithPermissions="false"
                            dataFile="supermart_domain_fr.properties.data" xsi:type="fileResource">
                            <folder>/public/Samples/FreshDelivery_Demo/Employee_Dashboard_files/tmpAdv_1433273018824_kkcv_files/dashboardReport_files</folder>
                            <name>supermart_domain_fr.properties</name>
                            <version>0</version>
                            <label>bundle</label>
                            <description>bundle</description>
                            <creationDate>2015-12-14T11:20:31.128Z</creationDate>
                            <updateDate>2015-06-15T16:10:22.402+01:00</updateDate>
                            <fileType>prop</fileType>
                        </localResource>
                    </resource>
                    <resource>
                        <localResource exportedWithPermissions="false"
                            dataFile="supermart_domain_es.properties.data" xsi:type="fileResource">
                            <folder>/public/Samples/FreshDelivery_Demo/Employee_Dashboard_files/tmpAdv_1433273018824_kkcv_files/dashboardReport_files</folder>
                            <name>supermart_domain_es.properties</name>
                            <version>0</version>
                            <label>bundle</label>
                            <description>bundle</description>
                            <creationDate>2015-12-14T11:20:31.128Z</creationDate>
                            <updateDate>2015-06-15T16:10:22.402+01:00</updateDate>
                            <fileType>prop</fileType>
                        </localResource>
                    </resource>
                    <resource>
                        <localResource exportedWithPermissions="false"
                            dataFile="supermart_domain_ja.properties.data" xsi:type="fileResource">
                            <folder>/public/Samples/FreshDelivery_Demo/Employee_Dashboard_files/tmpAdv_1433273018824_kkcv_files/dashboardReport_files</folder>
                            <name>supermart_domain_ja.properties</name>
                            <version>0</version>
                            <label>bundle</label>
                            <description>bundle</description>
                            <creationDate>2015-12-14T11:20:31.128Z</creationDate>
                            <updateDate>2015-06-15T16:10:22.402+01:00</updateDate>
                            <fileType>prop</fileType>
                        </localResource>
                    </resource>
                    <resource>
                        <localResource exportedWithPermissions="false"
                            dataFile="supermart_domain_zh_CN.properties.data" xsi:type="fileResource">
                            <folder>/public/Samples/FreshDelivery_Demo/Employee_Dashboard_files/tmpAdv_1433273018824_kkcv_files/dashboardReport_files</folder>
                            <name>supermart_domain_zh_CN.properties</name>
                            <version>0</version>
                            <label>bundle</label>
                            <description>bundle</description>
                            <creationDate>2015-12-14T11:20:31.128Z</creationDate>
                            <updateDate>2015-06-15T16:10:22.402+01:00</updateDate>
                            <fileType>prop</fileType>
                        </localResource>
                    </resource>
                    <resource>
                        <localResource exportedWithPermissions="false"
                            dataFile="stateXML.data" xsi:type="fileResource">
                            <folder>/public/Samples/FreshDelivery_Demo/Employee_Dashboard_files/tmpAdv_1433273018824_kkcv_files/dashboardReport_files</folder>
                            <name>stateXML</name>
                            <version>0</version>
                            <label>stateXML</label>
                            <creationDate>2015-12-14T11:20:31.128Z</creationDate>
                            <updateDate>2015-06-15T16:10:22.402+01:00</updateDate>
                            <fileType>xml</fileType>
                        </localResource>
                    </resource>
                    <alwaysPromptControls>false</alwaysPromptControls>
                    <controlsLayout>1</controlsLayout>
                </localResource>
            </reports>
            <alwaysPromptControls>false</alwaysPromptControls>
            <controlsLayout>1</controlsLayout>
        </localResource>
    </resource>
    <resource>
        <localResource
            xmlns:xsi="http://www.w3.org/2001/XMLSchema-instance"
            exportedWithPermissions="false" xsi:type="adhocDataView">
            <folder>/public/Samples/FreshDelivery_Demo/Employee_Dashboard_files</folder>
            <name>tmpAdv_1433274384734_bmpb</name>
            <version>1</version>
            <label>tmpAdv_1433274384734_bmpb</label>
            <description>Dashboard visualization.</description>
            <creationDate>2015-12-14T11:20:31.128Z</creationDate>
            <updateDate>2015-06-15T16:10:22.402+01:00</updateDate>
            <dataSource>
                <uri>/organizations/organization_1/Domains/supermartDomain</uri>
            </dataSource>
            <inputControl>
                <localResource exportedWithPermissions="false" xsi:type="inputControl">
                    <folder>/public/Samples/FreshDelivery_Demo/Employee_Dashboard_files/tmpAdv_1433274384734_bmpb_files</folder>
                    <name>emp_store__region__sales_country_1</name>
                    <version>0</version>
                    <label>$R{supermart.region.sales_country.label}</label>
                    <creationDate>2015-12-14T11:20:31.128Z</creationDate>
                    <updateDate>2015-06-15T16:10:22.402+01:00</updateDate>
                    <type>7</type>
                    <mandatory>false</mandatory>
                    <readOnly>false</readOnly>
                    <visible>true</visible>
                    <query>
                        <localResource exportedWithPermissions="false" xsi:type="query">
                            <folder>/public/Samples/FreshDelivery_Demo/Employee_Dashboard_files/tmpAdv_1433274384734_bmpb_files/emp_store__region__sales_country_1_files</folder>
                            <name>emp_store__region__sales_country_1</name>
                            <version>0</version>
                            <label>$R{supermart.region.sales_country.label}</label>
                            <creationDate>2015-12-14T11:20:31.128Z</creationDate>
                            <updateDate>2015-06-15T16:10:22.402+01:00</updateDate>
                            <language>domain</language>
                            <queryString>&lt;?xml version="1.0" encoding="UTF-8"?&gt;
&lt;query xmlns="http://www.jaspersoft.com/2007/SL/XMLSchema"&gt;
  &lt;groupList&gt;
    &lt;group columnName="employee.emp_store.emp_store__region.emp_store__region__sales_country" /&gt;
  &lt;/groupList&gt;
  &lt;queryFields&gt;
    &lt;queryField id="employee.emp_store.emp_store__region.emp_store__region__sales_country" /&gt;
    &lt;queryField id="region4.sales_country" /&gt;
  &lt;/queryFields&gt;
&lt;/query&gt;

</queryString>
                            <dataSource>
                                <uri>/organizations/organization_1/Domains/supermartDomain</uri>
                            </dataSource>
                        </localResource>
                    </query>
                    <queryVisibleColumn>employee.emp_store.emp_store__region.emp_store__region__sales_country</queryVisibleColumn>
                    <queryValueColumn>employee.emp_store.emp_store__region.emp_store__region__sales_country</queryValueColumn>
                </localResource>
            </inputControl>
            <inputControl>
                <localResource exportedWithPermissions="false" xsi:type="inputControl">
                    <folder>/public/Samples/FreshDelivery_Demo/Employee_Dashboard_files/tmpAdv_1433274384734_bmpb_files</folder>
                    <name>emp_store__region__sales_district_1</name>
                    <version>0</version>
                    <label>$R{supermart.region.sales_district.label}</label>
                    <creationDate>2015-12-14T11:20:31.128Z</creationDate>
                    <updateDate>2015-06-15T16:10:22.402+01:00</updateDate>
                    <type>7</type>
                    <mandatory>false</mandatory>
                    <readOnly>false</readOnly>
                    <visible>true</visible>
                    <query>
                        <localResource exportedWithPermissions="false" xsi:type="query">
                            <folder>/public/Samples/FreshDelivery_Demo/Employee_Dashboard_files/tmpAdv_1433274384734_bmpb_files/emp_store__region__sales_district_1_files</folder>
                            <name>emp_store__region__sales_district_1</name>
                            <version>0</version>
                            <label>$R{supermart.region.sales_district.label}</label>
                            <creationDate>2015-12-14T11:20:31.128Z</creationDate>
                            <updateDate>2015-06-15T16:10:22.402+01:00</updateDate>
                            <language>domain</language>
                            <queryString>&lt;?xml version="1.0" encoding="UTF-8"?&gt;
&lt;query xmlns="http://www.jaspersoft.com/2007/SL/XMLSchema"&gt;
  &lt;groupList&gt;
    &lt;group columnName="employee.emp_store.emp_store__region.emp_store__region__sales_district" /&gt;
  &lt;/groupList&gt;
  &lt;queryFields&gt;
    &lt;queryField id="region4.sales_district" /&gt;
    &lt;queryField id="employee.emp_store.emp_store__region.emp_store__region__sales_district" /&gt;
  &lt;/queryFields&gt;
&lt;/query&gt;

</queryString>
                            <dataSource>
                                <uri>/organizations/organization_1/Domains/supermartDomain</uri>
                            </dataSource>
                        </localResource>
                    </query>
                    <queryVisibleColumn>employee.emp_store.emp_store__region.emp_store__region__sales_district</queryVisibleColumn>
                    <queryValueColumn>employee.emp_store.emp_store__region.emp_store__region__sales_district</queryValueColumn>
                </localResource>
            </inputControl>
            <inputControl>
                <localResource exportedWithPermissions="false" xsi:type="inputControl">
                    <folder>/public/Samples/FreshDelivery_Demo/Employee_Dashboard_files/tmpAdv_1433274384734_bmpb_files</folder>
                    <name>emp_store__store_type_1</name>
                    <version>0</version>
                    <label>$R{supermart.store.store_type.label}</label>
                    <creationDate>2015-12-14T11:20:31.128Z</creationDate>
                    <updateDate>2015-06-15T16:10:22.402+01:00</updateDate>
                    <type>7</type>
                    <mandatory>false</mandatory>
                    <readOnly>false</readOnly>
                    <visible>true</visible>
                    <query>
                        <localResource exportedWithPermissions="false" xsi:type="query">
                            <folder>/public/Samples/FreshDelivery_Demo/Employee_Dashboard_files/tmpAdv_1433274384734_bmpb_files/emp_store__store_type_1_files</folder>
                            <name>emp_store__store_type_1</name>
                            <version>0</version>
                            <label>$R{supermart.store.store_type.label}</label>
                            <creationDate>2015-12-14T11:20:31.128Z</creationDate>
                            <updateDate>2015-06-15T16:10:22.402+01:00</updateDate>
                            <language>domain</language>
                            <queryString>&lt;?xml version="1.0" encoding="UTF-8"?&gt;
&lt;query xmlns="http://www.jaspersoft.com/2007/SL/XMLSchema"&gt;
  &lt;groupList&gt;
    &lt;group columnName="employee.emp_store.emp_store__store_type" /&gt;
  &lt;/groupList&gt;
  &lt;queryFields&gt;
    &lt;queryField id="store4.store_type" /&gt;
    &lt;queryField id="employee.emp_store.emp_store__store_type" /&gt;
  &lt;/queryFields&gt;
&lt;/query&gt;

</queryString>
                            <dataSource>
                                <uri>/organizations/organization_1/Domains/supermartDomain</uri>
                            </dataSource>
                        </localResource>
                    </query>
                    <queryVisibleColumn>employee.emp_store.emp_store__store_type</queryVisibleColumn>
                    <queryValueColumn>employee.emp_store.emp_store__store_type</queryValueColumn>
                </localResource>
            </inputControl>
            <resource>
                <localResource exportedWithPermissions="false"
                    dataFile="supermart_domain.properties.data" xsi:type="fileResource">
                    <folder>/public/Samples/FreshDelivery_Demo/Employee_Dashboard_files/tmpAdv_1433274384734_bmpb_files</folder>
                    <name>supermart_domain.properties</name>
                    <version>0</version>
                    <label>bundle</label>
                    <description>bundle</description>
                    <creationDate>2015-12-14T11:20:31.128Z</creationDate>
                    <updateDate>2015-06-15T16:10:22.402+01:00</updateDate>
                    <fileType>prop</fileType>
                </localResource>
            </resource>
            <resource>
                <localResource exportedWithPermissions="false"
                    dataFile="supermart_domain_en_US.properties.data" xsi:type="fileResource">
                    <folder>/public/Samples/FreshDelivery_Demo/Employee_Dashboard_files/tmpAdv_1433274384734_bmpb_files</folder>
                    <name>supermart_domain_en_US.properties</name>
                    <version>0</version>
                    <label>bundle</label>
                    <description>bundle</description>
                    <creationDate>2015-12-14T11:20:31.128Z</creationDate>
                    <updateDate>2015-06-15T16:10:22.402+01:00</updateDate>
                    <fileType>prop</fileType>
                </localResource>
            </resource>
            <resource>
                <localResource exportedWithPermissions="false"
                    dataFile="supermart_domain_de.properties.data" xsi:type="fileResource">
                    <folder>/public/Samples/FreshDelivery_Demo/Employee_Dashboard_files/tmpAdv_1433274384734_bmpb_files</folder>
                    <name>supermart_domain_de.properties</name>
                    <version>0</version>
                    <label>bundle</label>
                    <description>bundle</description>
                    <creationDate>2015-12-14T11:20:31.128Z</creationDate>
                    <updateDate>2015-06-15T16:10:22.402+01:00</updateDate>
                    <fileType>prop</fileType>
                </localResource>
            </resource>
            <resource>
                <localResource exportedWithPermissions="false"
                    dataFile="supermart_domain_fr.properties.data" xsi:type="fileResource">
                    <folder>/public/Samples/FreshDelivery_Demo/Employee_Dashboard_files/tmpAdv_1433274384734_bmpb_files</folder>
                    <name>supermart_domain_fr.properties</name>
                    <version>0</version>
                    <label>bundle</label>
                    <description>bundle</description>
                    <creationDate>2015-12-14T11:20:31.128Z</creationDate>
                    <updateDate>2015-06-15T16:10:22.402+01:00</updateDate>
                    <fileType>prop</fileType>
                </localResource>
            </resource>
            <resource>
                <localResource exportedWithPermissions="false"
                    dataFile="supermart_domain_es.properties.data" xsi:type="fileResource">
                    <folder>/public/Samples/FreshDelivery_Demo/Employee_Dashboard_files/tmpAdv_1433274384734_bmpb_files</folder>
                    <name>supermart_domain_es.properties</name>
                    <version>0</version>
                    <label>bundle</label>
                    <description>bundle</description>
                    <creationDate>2015-12-14T11:20:31.128Z</creationDate>
                    <updateDate>2015-06-15T16:10:22.402+01:00</updateDate>
                    <fileType>prop</fileType>
                </localResource>
            </resource>
            <resource>
                <localResource exportedWithPermissions="false"
                    dataFile="supermart_domain_ja.properties.data" xsi:type="fileResource">
                    <folder>/public/Samples/FreshDelivery_Demo/Employee_Dashboard_files/tmpAdv_1433274384734_bmpb_files</folder>
                    <name>supermart_domain_ja.properties</name>
                    <version>0</version>
                    <label>bundle</label>
                    <description>bundle</description>
                    <creationDate>2015-12-14T11:20:31.128Z</creationDate>
                    <updateDate>2015-06-15T16:10:22.402+01:00</updateDate>
                    <fileType>prop</fileType>
                </localResource>
            </resource>
            <resource>
                <localResource exportedWithPermissions="false"
                    dataFile="supermart_domain_zh_CN.properties.data" xsi:type="fileResource">
                    <folder>/public/Samples/FreshDelivery_Demo/Employee_Dashboard_files/tmpAdv_1433274384734_bmpb_files</folder>
                    <name>supermart_domain_zh_CN.properties</name>
                    <version>0</version>
                    <label>bundle</label>
                    <description>bundle</description>
                    <creationDate>2015-12-14T11:20:31.128Z</creationDate>
                    <updateDate>2015-06-15T16:10:22.402+01:00</updateDate>
                    <fileType>prop</fileType>
                </localResource>
            </resource>
            <resource>
                <localResource exportedWithPermissions="false"
                    dataFile="topicJRXML.data" xsi:type="fileResource">
                    <folder>/public/Samples/FreshDelivery_Demo/Employee_Dashboard_files/tmpAdv_1433274384734_bmpb_files</folder>
                    <name>topicJRXML</name>
                    <version>0</version>
                    <label>topicJRXML</label>
                    <creationDate>2015-12-14T11:20:31.128Z</creationDate>
                    <updateDate>2015-06-15T16:10:22.402+01:00</updateDate>
                    <fileType>jrxml</fileType>
                </localResource>
            </resource>
            <resource>
                <localResource exportedWithPermissions="false"
                    dataFile="stateXML.data" xsi:type="fileResource">
                    <folder>/public/Samples/FreshDelivery_Demo/Employee_Dashboard_files/tmpAdv_1433274384734_bmpb_files</folder>
                    <name>stateXML</name>
                    <version>0</version>
                    <label>stateXML</label>
                    <creationDate>2015-12-14T11:20:31.128Z</creationDate>
                    <updateDate>2015-06-15T16:10:22.402+01:00</updateDate>
                    <fileType>xml</fileType>
                </localResource>
            </resource>
            <reports>
                <localResource exportedWithPermissions="false" xsi:type="reportUnit">
                    <folder>/public/Samples/FreshDelivery_Demo/Employee_Dashboard_files/tmpAdv_1433274384734_bmpb_files</folder>
                    <name>dashboardReport</name>
                    <version>1</version>
                    <label>dashboardReport</label>
                    <creationDate>2015-12-14T11:20:31.128Z</creationDate>
                    <updateDate>2015-06-15T16:10:22.402+01:00</updateDate>
                    <mainReport>
                        <localResource exportedWithPermissions="false"
                            dataFile="mainReportJrxml.data" xsi:type="fileResource">
                            <folder>/public/Samples/FreshDelivery_Demo/Employee_Dashboard_files/tmpAdv_1433274384734_bmpb_files/dashboardReport_files</folder>
                            <name>mainReportJrxml</name>
                            <version>0</version>
                            <label>mainReportJrxml</label>
                            <creationDate>2015-12-14T11:20:31.128Z</creationDate>
                            <updateDate>2015-06-15T16:10:22.402+01:00</updateDate>
                            <fileType>jrxml</fileType>
                        </localResource>
                    </mainReport>
                    <resource>
                        <localResource exportedWithPermissions="false"
                            dataFile="supermart_domain.properties.data" xsi:type="fileResource">
                            <folder>/public/Samples/FreshDelivery_Demo/Employee_Dashboard_files/tmpAdv_1433274384734_bmpb_files/dashboardReport_files</folder>
                            <name>supermart_domain.properties</name>
                            <version>0</version>
                            <label>bundle</label>
                            <description>bundle</description>
                            <creationDate>2015-12-14T11:20:31.128Z</creationDate>
                            <updateDate>2015-06-15T16:10:22.402+01:00</updateDate>
                            <fileType>prop</fileType>
                        </localResource>
                    </resource>
                    <resource>
                        <localResource exportedWithPermissions="false"
                            dataFile="supermart_domain_en_US.properties.data" xsi:type="fileResource">
                            <folder>/public/Samples/FreshDelivery_Demo/Employee_Dashboard_files/tmpAdv_1433274384734_bmpb_files/dashboardReport_files</folder>
                            <name>supermart_domain_en_US.properties</name>
                            <version>0</version>
                            <label>bundle</label>
                            <description>bundle</description>
                            <creationDate>2015-12-14T11:20:31.128Z</creationDate>
                            <updateDate>2015-06-15T16:10:22.402+01:00</updateDate>
                            <fileType>prop</fileType>
                        </localResource>
                    </resource>
                    <resource>
                        <localResource exportedWithPermissions="false"
                            dataFile="supermart_domain_de.properties.data" xsi:type="fileResource">
                            <folder>/public/Samples/FreshDelivery_Demo/Employee_Dashboard_files/tmpAdv_1433274384734_bmpb_files/dashboardReport_files</folder>
                            <name>supermart_domain_de.properties</name>
                            <version>0</version>
                            <label>bundle</label>
                            <description>bundle</description>
                            <creationDate>2015-12-14T11:20:31.128Z</creationDate>
                            <updateDate>2015-06-15T16:10:22.402+01:00</updateDate>
                            <fileType>prop</fileType>
                        </localResource>
                    </resource>
                    <resource>
                        <localResource exportedWithPermissions="false"
                            dataFile="supermart_domain_fr.properties.data" xsi:type="fileResource">
                            <folder>/public/Samples/FreshDelivery_Demo/Employee_Dashboard_files/tmpAdv_1433274384734_bmpb_files/dashboardReport_files</folder>
                            <name>supermart_domain_fr.properties</name>
                            <version>0</version>
                            <label>bundle</label>
                            <description>bundle</description>
                            <creationDate>2015-12-14T11:20:31.128Z</creationDate>
                            <updateDate>2015-06-15T16:10:22.402+01:00</updateDate>
                            <fileType>prop</fileType>
                        </localResource>
                    </resource>
                    <resource>
                        <localResource exportedWithPermissions="false"
                            dataFile="supermart_domain_es.properties.data" xsi:type="fileResource">
                            <folder>/public/Samples/FreshDelivery_Demo/Employee_Dashboard_files/tmpAdv_1433274384734_bmpb_files/dashboardReport_files</folder>
                            <name>supermart_domain_es.properties</name>
                            <version>0</version>
                            <label>bundle</label>
                            <description>bundle</description>
                            <creationDate>2015-12-14T11:20:31.128Z</creationDate>
                            <updateDate>2015-06-15T16:10:22.402+01:00</updateDate>
                            <fileType>prop</fileType>
                        </localResource>
                    </resource>
                    <resource>
                        <localResource exportedWithPermissions="false"
                            dataFile="supermart_domain_ja.properties.data" xsi:type="fileResource">
                            <folder>/public/Samples/FreshDelivery_Demo/Employee_Dashboard_files/tmpAdv_1433274384734_bmpb_files/dashboardReport_files</folder>
                            <name>supermart_domain_ja.properties</name>
                            <version>0</version>
                            <label>bundle</label>
                            <description>bundle</description>
                            <creationDate>2015-12-14T11:20:31.128Z</creationDate>
                            <updateDate>2015-06-15T16:10:22.402+01:00</updateDate>
                            <fileType>prop</fileType>
                        </localResource>
                    </resource>
                    <resource>
                        <localResource exportedWithPermissions="false"
                            dataFile="supermart_domain_zh_CN.properties.data" xsi:type="fileResource">
                            <folder>/public/Samples/FreshDelivery_Demo/Employee_Dashboard_files/tmpAdv_1433274384734_bmpb_files/dashboardReport_files</folder>
                            <name>supermart_domain_zh_CN.properties</name>
                            <version>0</version>
                            <label>bundle</label>
                            <description>bundle</description>
                            <creationDate>2015-12-14T11:20:31.128Z</creationDate>
                            <updateDate>2015-06-15T16:10:22.402+01:00</updateDate>
                            <fileType>prop</fileType>
                        </localResource>
                    </resource>
                    <resource>
                        <localResource exportedWithPermissions="false"
                            dataFile="stateXML.data" xsi:type="fileResource">
                            <folder>/public/Samples/FreshDelivery_Demo/Employee_Dashboard_files/tmpAdv_1433274384734_bmpb_files/dashboardReport_files</folder>
                            <name>stateXML</name>
                            <version>0</version>
                            <label>stateXML</label>
                            <creationDate>2015-12-14T11:20:31.128Z</creationDate>
                            <updateDate>2015-06-15T16:10:22.402+01:00</updateDate>
                            <fileType>xml</fileType>
                        </localResource>
                    </resource>
                    <alwaysPromptControls>false</alwaysPromptControls>
                    <controlsLayout>1</controlsLayout>
                </localResource>
            </reports>
            <alwaysPromptControls>false</alwaysPromptControls>
            <controlsLayout>1</controlsLayout>
        </localResource>
    </resource>
    <resource>
        <localResource
            xmlns:xsi="http://www.w3.org/2001/XMLSchema-instance"
            exportedWithPermissions="false" xsi:type="adhocDataView">
            <folder>/public/Samples/FreshDelivery_Demo/Employee_Dashboard_files</folder>
            <name>tmpAdv_1433283795505_fzni</name>
            <version>1</version>
            <label>tmpAdv_1433283795505_fzni</label>
            <description>Dashboard visualization.</description>
            <creationDate>2015-12-14T11:20:31.128Z</creationDate>
            <updateDate>2015-06-15T16:10:22.402+01:00</updateDate>
            <dataSource>
                <uri>/organizations/organization_1/Domains/supermartDomain</uri>
            </dataSource>
            <inputControl>
                <localResource exportedWithPermissions="false" xsi:type="inputControl">
                    <folder>/public/Samples/FreshDelivery_Demo/Employee_Dashboard_files/tmpAdv_1433283795505_fzni_files</folder>
                    <name>employee__department_description_1</name>
                    <version>0</version>
                    <label>$R{supermart.department.department_description.label}</label>
                    <creationDate>2015-12-14T11:20:31.128Z</creationDate>
                    <updateDate>2015-06-15T16:10:22.402+01:00</updateDate>
                    <type>7</type>
                    <mandatory>false</mandatory>
                    <readOnly>false</readOnly>
                    <visible>true</visible>
                    <query>
                        <localResource exportedWithPermissions="false" xsi:type="query">
                            <folder>/public/Samples/FreshDelivery_Demo/Employee_Dashboard_files/tmpAdv_1433283795505_fzni_files/employee__department_description_1_files</folder>
                            <name>employee__department_description_1</name>
                            <version>0</version>
                            <label>$R{supermart.department.department_description.label}</label>
                            <creationDate>2015-12-14T11:20:31.128Z</creationDate>
                            <updateDate>2015-06-15T16:10:22.402+01:00</updateDate>
                            <language>domain</language>
                            <queryString>&lt;?xml version="1.0" encoding="UTF-8"?&gt;
&lt;query xmlns="http://www.jaspersoft.com/2007/SL/XMLSchema"&gt;
  &lt;groupList&gt;
    &lt;group columnName="employee.employee__department_description" /&gt;
  &lt;/groupList&gt;
  &lt;queryFields&gt;
    &lt;queryField id="department4.department_description" /&gt;
    &lt;queryField id="employee.employee__department_description" /&gt;
  &lt;/queryFields&gt;
&lt;/query&gt;

</queryString>
                            <dataSource>
                                <uri>/organizations/organization_1/Domains/supermartDomain</uri>
                            </dataSource>
                        </localResource>
                    </query>
                    <queryVisibleColumn>employee.employee__department_description</queryVisibleColumn>
                    <queryValueColumn>employee.employee__department_description</queryValueColumn>
                </localResource>
            </inputControl>
            <inputControl>
                <localResource exportedWithPermissions="false" xsi:type="inputControl">
                    <folder>/public/Samples/FreshDelivery_Demo/Employee_Dashboard_files/tmpAdv_1433283795505_fzni_files</folder>
                    <name>emp_store__store_contact__store_country_1</name>
                    <version>0</version>
                    <label>$R{supermart.store.store_country.label}</label>
                    <creationDate>2015-12-14T11:20:31.128Z</creationDate>
                    <updateDate>2015-06-15T16:10:22.402+01:00</updateDate>
                    <type>7</type>
                    <mandatory>false</mandatory>
                    <readOnly>false</readOnly>
                    <visible>true</visible>
                    <query>
                        <localResource exportedWithPermissions="false" xsi:type="query">
                            <folder>/public/Samples/FreshDelivery_Demo/Employee_Dashboard_files/tmpAdv_1433283795505_fzni_files/emp_store__store_contact__store_country_1_files</folder>
                            <name>emp_store__store_contact__store_country_1</name>
                            <version>0</version>
                            <label>$R{supermart.store.store_country.label}</label>
                            <creationDate>2015-12-14T11:20:31.128Z</creationDate>
                            <updateDate>2015-06-15T16:10:22.402+01:00</updateDate>
                            <language>domain</language>
                            <queryString>&lt;?xml version="1.0" encoding="UTF-8"?&gt;
&lt;query xmlns="http://www.jaspersoft.com/2007/SL/XMLSchema"&gt;
  &lt;groupList&gt;
    &lt;group columnName="employee.emp_store.emp_store__store_contact.emp_store__store_contact__store_country" /&gt;
  &lt;/groupList&gt;
  &lt;queryFields&gt;
    &lt;queryField id="store4.store_country" /&gt;
    &lt;queryField id="employee.emp_store.emp_store__store_contact.emp_store__store_contact__store_country" /&gt;
  &lt;/queryFields&gt;
&lt;/query&gt;

</queryString>
                            <dataSource>
                                <uri>/organizations/organization_1/Domains/supermartDomain</uri>
                            </dataSource>
                        </localResource>
                    </query>
                    <queryVisibleColumn>employee.emp_store.emp_store__store_contact.emp_store__store_contact__store_country</queryVisibleColumn>
                    <queryValueColumn>employee.emp_store.emp_store__store_contact.emp_store__store_contact__store_country</queryValueColumn>
                </localResource>
            </inputControl>
            <inputControl>
                <localResource exportedWithPermissions="false" xsi:type="inputControl">
                    <folder>/public/Samples/FreshDelivery_Demo/Employee_Dashboard_files/tmpAdv_1433283795505_fzni_files</folder>
                    <name>emp_store__region__sales_district_1</name>
                    <version>0</version>
                    <label>$R{supermart.region.sales_district.label}</label>
                    <creationDate>2015-12-14T11:20:31.128Z</creationDate>
                    <updateDate>2015-06-15T16:10:22.402+01:00</updateDate>
                    <type>7</type>
                    <mandatory>false</mandatory>
                    <readOnly>false</readOnly>
                    <visible>true</visible>
                    <query>
                        <localResource exportedWithPermissions="false" xsi:type="query">
                            <folder>/public/Samples/FreshDelivery_Demo/Employee_Dashboard_files/tmpAdv_1433283795505_fzni_files/emp_store__region__sales_district_1_files</folder>
                            <name>emp_store__region__sales_district_1</name>
                            <version>0</version>
                            <label>$R{supermart.region.sales_district.label}</label>
                            <creationDate>2015-12-14T11:20:31.128Z</creationDate>
                            <updateDate>2015-06-15T16:10:22.402+01:00</updateDate>
                            <language>domain</language>
                            <queryString>&lt;?xml version="1.0" encoding="UTF-8"?&gt;
&lt;query xmlns="http://www.jaspersoft.com/2007/SL/XMLSchema"&gt;
  &lt;groupList&gt;
    &lt;group columnName="employee.emp_store.emp_store__region.emp_store__region__sales_district" /&gt;
  &lt;/groupList&gt;
  &lt;queryFields&gt;
    &lt;queryField id="region4.sales_district" /&gt;
    &lt;queryField id="employee.emp_store.emp_store__region.emp_store__region__sales_district" /&gt;
  &lt;/queryFields&gt;
&lt;/query&gt;

</queryString>
                            <dataSource>
                                <uri>/organizations/organization_1/Domains/supermartDomain</uri>
                            </dataSource>
                        </localResource>
                    </query>
                    <queryVisibleColumn>employee.emp_store.emp_store__region.emp_store__region__sales_district</queryVisibleColumn>
                    <queryValueColumn>employee.emp_store.emp_store__region.emp_store__region__sales_district</queryValueColumn>
                </localResource>
            </inputControl>
            <inputControl>
                <localResource exportedWithPermissions="false" xsi:type="inputControl">
                    <folder>/public/Samples/FreshDelivery_Demo/Employee_Dashboard_files/tmpAdv_1433283795505_fzni_files</folder>
                    <name>emp_store__store_type_1</name>
                    <version>0</version>
                    <label>$R{supermart.store.store_type.label}</label>
                    <creationDate>2015-12-14T11:20:31.128Z</creationDate>
                    <updateDate>2015-06-15T16:10:22.402+01:00</updateDate>
                    <type>7</type>
                    <mandatory>false</mandatory>
                    <readOnly>false</readOnly>
                    <visible>true</visible>
                    <query>
                        <localResource exportedWithPermissions="false" xsi:type="query">
                            <folder>/public/Samples/FreshDelivery_Demo/Employee_Dashboard_files/tmpAdv_1433283795505_fzni_files/emp_store__store_type_1_files</folder>
                            <name>emp_store__store_type_1</name>
                            <version>0</version>
                            <label>$R{supermart.store.store_type.label}</label>
                            <creationDate>2015-12-14T11:20:31.128Z</creationDate>
                            <updateDate>2015-06-15T16:10:22.402+01:00</updateDate>
                            <language>domain</language>
                            <queryString>&lt;?xml version="1.0" encoding="UTF-8"?&gt;
&lt;query xmlns="http://www.jaspersoft.com/2007/SL/XMLSchema"&gt;
  &lt;groupList&gt;
    &lt;group columnName="employee.emp_store.emp_store__store_type" /&gt;
  &lt;/groupList&gt;
  &lt;queryFields&gt;
    &lt;queryField id="store4.store_type" /&gt;
    &lt;queryField id="employee.emp_store.emp_store__store_type" /&gt;
  &lt;/queryFields&gt;
&lt;/query&gt;

</queryString>
                            <dataSource>
                                <uri>/organizations/organization_1/Domains/supermartDomain</uri>
                            </dataSource>
                        </localResource>
                    </query>
                    <queryVisibleColumn>employee.emp_store.emp_store__store_type</queryVisibleColumn>
                    <queryValueColumn>employee.emp_store.emp_store__store_type</queryValueColumn>
                </localResource>
            </inputControl>
            <resource>
                <localResource exportedWithPermissions="false"
                    dataFile="supermart_domain.properties.data" xsi:type="fileResource">
                    <folder>/public/Samples/FreshDelivery_Demo/Employee_Dashboard_files/tmpAdv_1433283795505_fzni_files</folder>
                    <name>supermart_domain.properties</name>
                    <version>0</version>
                    <label>bundle</label>
                    <description>bundle</description>
                    <creationDate>2015-12-14T11:20:31.128Z</creationDate>
                    <updateDate>2015-06-15T16:10:22.402+01:00</updateDate>
                    <fileType>prop</fileType>
                </localResource>
            </resource>
            <resource>
                <localResource exportedWithPermissions="false"
                    dataFile="supermart_domain_en_US.properties.data" xsi:type="fileResource">
                    <folder>/public/Samples/FreshDelivery_Demo/Employee_Dashboard_files/tmpAdv_1433283795505_fzni_files</folder>
                    <name>supermart_domain_en_US.properties</name>
                    <version>0</version>
                    <label>bundle</label>
                    <description>bundle</description>
                    <creationDate>2015-12-14T11:20:31.128Z</creationDate>
                    <updateDate>2015-06-15T16:10:22.402+01:00</updateDate>
                    <fileType>prop</fileType>
                </localResource>
            </resource>
            <resource>
                <localResource exportedWithPermissions="false"
                    dataFile="supermart_domain_de.properties.data" xsi:type="fileResource">
                    <folder>/public/Samples/FreshDelivery_Demo/Employee_Dashboard_files/tmpAdv_1433283795505_fzni_files</folder>
                    <name>supermart_domain_de.properties</name>
                    <version>0</version>
                    <label>bundle</label>
                    <description>bundle</description>
                    <creationDate>2015-12-14T11:20:31.128Z</creationDate>
                    <updateDate>2015-06-15T16:10:22.402+01:00</updateDate>
                    <fileType>prop</fileType>
                </localResource>
            </resource>
            <resource>
                <localResource exportedWithPermissions="false"
                    dataFile="supermart_domain_fr.properties.data" xsi:type="fileResource">
                    <folder>/public/Samples/FreshDelivery_Demo/Employee_Dashboard_files/tmpAdv_1433283795505_fzni_files</folder>
                    <name>supermart_domain_fr.properties</name>
                    <version>0</version>
                    <label>bundle</label>
                    <description>bundle</description>
                    <creationDate>2015-12-14T11:20:31.128Z</creationDate>
                    <updateDate>2015-06-15T16:10:22.402+01:00</updateDate>
                    <fileType>prop</fileType>
                </localResource>
            </resource>
            <resource>
                <localResource exportedWithPermissions="false"
                    dataFile="supermart_domain_es.properties.data" xsi:type="fileResource">
                    <folder>/public/Samples/FreshDelivery_Demo/Employee_Dashboard_files/tmpAdv_1433283795505_fzni_files</folder>
                    <name>supermart_domain_es.properties</name>
                    <version>0</version>
                    <label>bundle</label>
                    <description>bundle</description>
                    <creationDate>2015-12-14T11:20:31.128Z</creationDate>
                    <updateDate>2015-06-15T16:10:22.402+01:00</updateDate>
                    <fileType>prop</fileType>
                </localResource>
            </resource>
            <resource>
                <localResource exportedWithPermissions="false"
                    dataFile="supermart_domain_ja.properties.data" xsi:type="fileResource">
                    <folder>/public/Samples/FreshDelivery_Demo/Employee_Dashboard_files/tmpAdv_1433283795505_fzni_files</folder>
                    <name>supermart_domain_ja.properties</name>
                    <version>0</version>
                    <label>bundle</label>
                    <description>bundle</description>
                    <creationDate>2015-12-14T11:20:31.128Z</creationDate>
                    <updateDate>2015-06-15T16:10:22.402+01:00</updateDate>
                    <fileType>prop</fileType>
                </localResource>
            </resource>
            <resource>
                <localResource exportedWithPermissions="false"
                    dataFile="supermart_domain_zh_CN.properties.data" xsi:type="fileResource">
                    <folder>/public/Samples/FreshDelivery_Demo/Employee_Dashboard_files/tmpAdv_1433283795505_fzni_files</folder>
                    <name>supermart_domain_zh_CN.properties</name>
                    <version>0</version>
                    <label>bundle</label>
                    <description>bundle</description>
                    <creationDate>2015-12-14T11:20:31.128Z</creationDate>
                    <updateDate>2015-06-15T16:10:22.402+01:00</updateDate>
                    <fileType>prop</fileType>
                </localResource>
            </resource>
            <resource>
                <localResource exportedWithPermissions="false"
                    dataFile="topicJRXML.data" xsi:type="fileResource">
                    <folder>/public/Samples/FreshDelivery_Demo/Employee_Dashboard_files/tmpAdv_1433283795505_fzni_files</folder>
                    <name>topicJRXML</name>
                    <version>0</version>
                    <label>topicJRXML</label>
                    <creationDate>2015-12-14T11:20:31.128Z</creationDate>
                    <updateDate>2015-06-15T16:10:22.402+01:00</updateDate>
                    <fileType>jrxml</fileType>
                </localResource>
            </resource>
            <resource>
                <localResource exportedWithPermissions="false"
                    dataFile="stateXML.data" xsi:type="fileResource">
                    <folder>/public/Samples/FreshDelivery_Demo/Employee_Dashboard_files/tmpAdv_1433283795505_fzni_files</folder>
                    <name>stateXML</name>
                    <version>0</version>
                    <label>stateXML</label>
                    <creationDate>2015-12-14T11:20:31.128Z</creationDate>
                    <updateDate>2015-06-15T16:10:22.402+01:00</updateDate>
                    <fileType>xml</fileType>
                </localResource>
            </resource>
            <reports>
                <localResource exportedWithPermissions="false" xsi:type="reportUnit">
                    <folder>/public/Samples/FreshDelivery_Demo/Employee_Dashboard_files/tmpAdv_1433283795505_fzni_files</folder>
                    <name>dashboardReport</name>
                    <version>1</version>
                    <label>dashboardReport</label>
                    <creationDate>2015-12-14T11:20:31.128Z</creationDate>
                    <updateDate>2015-06-15T16:10:22.402+01:00</updateDate>
                    <mainReport>
                        <localResource exportedWithPermissions="false"
                            dataFile="mainReportJrxml.data" xsi:type="fileResource">
                            <folder>/public/Samples/FreshDelivery_Demo/Employee_Dashboard_files/tmpAdv_1433283795505_fzni_files/dashboardReport_files</folder>
                            <name>mainReportJrxml</name>
                            <version>0</version>
                            <label>mainReportJrxml</label>
                            <creationDate>2015-12-14T11:20:31.128Z</creationDate>
                            <updateDate>2015-06-15T16:10:22.402+01:00</updateDate>
                            <fileType>jrxml</fileType>
                        </localResource>
                    </mainReport>
                    <resource>
                        <localResource exportedWithPermissions="false"
                            dataFile="supermart_domain.properties.data" xsi:type="fileResource">
                            <folder>/public/Samples/FreshDelivery_Demo/Employee_Dashboard_files/tmpAdv_1433283795505_fzni_files/dashboardReport_files</folder>
                            <name>supermart_domain.properties</name>
                            <version>0</version>
                            <label>bundle</label>
                            <description>bundle</description>
                            <creationDate>2015-12-14T11:20:31.128Z</creationDate>
                            <updateDate>2015-06-15T16:10:22.402+01:00</updateDate>
                            <fileType>prop</fileType>
                        </localResource>
                    </resource>
                    <resource>
                        <localResource exportedWithPermissions="false"
                            dataFile="supermart_domain_en_US.properties.data" xsi:type="fileResource">
                            <folder>/public/Samples/FreshDelivery_Demo/Employee_Dashboard_files/tmpAdv_1433283795505_fzni_files/dashboardReport_files</folder>
                            <name>supermart_domain_en_US.properties</name>
                            <version>0</version>
                            <label>bundle</label>
                            <description>bundle</description>
                            <creationDate>2015-12-14T11:20:31.128Z</creationDate>
                            <updateDate>2015-06-15T16:10:22.402+01:00</updateDate>
                            <fileType>prop</fileType>
                        </localResource>
                    </resource>
                    <resource>
                        <localResource exportedWithPermissions="false"
                            dataFile="supermart_domain_de.properties.data" xsi:type="fileResource">
                            <folder>/public/Samples/FreshDelivery_Demo/Employee_Dashboard_files/tmpAdv_1433283795505_fzni_files/dashboardReport_files</folder>
                            <name>supermart_domain_de.properties</name>
                            <version>0</version>
                            <label>bundle</label>
                            <description>bundle</description>
                            <creationDate>2015-12-14T11:20:31.128Z</creationDate>
                            <updateDate>2015-06-15T16:10:22.402+01:00</updateDate>
                            <fileType>prop</fileType>
                        </localResource>
                    </resource>
                    <resource>
                        <localResource exportedWithPermissions="false"
                            dataFile="supermart_domain_fr.properties.data" xsi:type="fileResource">
                            <folder>/public/Samples/FreshDelivery_Demo/Employee_Dashboard_files/tmpAdv_1433283795505_fzni_files/dashboardReport_files</folder>
                            <name>supermart_domain_fr.properties</name>
                            <version>0</version>
                            <label>bundle</label>
                            <description>bundle</description>
                            <creationDate>2015-12-14T11:20:31.128Z</creationDate>
                            <updateDate>2015-06-15T16:10:22.402+01:00</updateDate>
                            <fileType>prop</fileType>
                        </localResource>
                    </resource>
                    <resource>
                        <localResource exportedWithPermissions="false"
                            dataFile="supermart_domain_es.properties.data" xsi:type="fileResource">
                            <folder>/public/Samples/FreshDelivery_Demo/Employee_Dashboard_files/tmpAdv_1433283795505_fzni_files/dashboardReport_files</folder>
                            <name>supermart_domain_es.properties</name>
                            <version>0</version>
                            <label>bundle</label>
                            <description>bundle</description>
                            <creationDate>2015-12-14T11:20:31.128Z</creationDate>
                            <updateDate>2015-06-15T16:10:22.402+01:00</updateDate>
                            <fileType>prop</fileType>
                        </localResource>
                    </resource>
                    <resource>
                        <localResource exportedWithPermissions="false"
                            dataFile="supermart_domain_ja.properties.data" xsi:type="fileResource">
                            <folder>/public/Samples/FreshDelivery_Demo/Employee_Dashboard_files/tmpAdv_1433283795505_fzni_files/dashboardReport_files</folder>
                            <name>supermart_domain_ja.properties</name>
                            <version>0</version>
                            <label>bundle</label>
                            <description>bundle</description>
                            <creationDate>2015-12-14T11:20:31.128Z</creationDate>
                            <updateDate>2015-06-15T16:10:22.402+01:00</updateDate>
                            <fileType>prop</fileType>
                        </localResource>
                    </resource>
                    <resource>
                        <localResource exportedWithPermissions="false"
                            dataFile="supermart_domain_zh_CN.properties.data" xsi:type="fileResource">
                            <folder>/public/Samples/FreshDelivery_Demo/Employee_Dashboard_files/tmpAdv_1433283795505_fzni_files/dashboardReport_files</folder>
                            <name>supermart_domain_zh_CN.properties</name>
                            <version>0</version>
                            <label>bundle</label>
                            <description>bundle</description>
                            <creationDate>2015-12-14T11:20:31.128Z</creationDate>
                            <updateDate>2015-06-15T16:10:22.402+01:00</updateDate>
                            <fileType>prop</fileType>
                        </localResource>
                    </resource>
                    <resource>
                        <localResource exportedWithPermissions="false"
                            dataFile="stateXML.data" xsi:type="fileResource">
                            <folder>/public/Samples/FreshDelivery_Demo/Employee_Dashboard_files/tmpAdv_1433283795505_fzni_files/dashboardReport_files</folder>
                            <name>stateXML</name>
                            <version>0</version>
                            <label>stateXML</label>
                            <creationDate>2015-12-14T11:20:31.128Z</creationDate>
                            <updateDate>2015-06-15T16:10:22.402+01:00</updateDate>
                            <fileType>xml</fileType>
                        </localResource>
                    </resource>
                    <alwaysPromptControls>false</alwaysPromptControls>
                    <controlsLayout>1</controlsLayout>
                </localResource>
            </reports>
            <alwaysPromptControls>false</alwaysPromptControls>
            <controlsLayout>1</controlsLayout>
        </localResource>
    </resource>
    <resource>
        <localResource
            xmlns:xsi="http://www.w3.org/2001/XMLSchema-instance"
            exportedWithPermissions="false" xsi:type="adhocDataView">
            <folder>/public/Samples/FreshDelivery_Demo/Employee_Dashboard_files</folder>
            <name>tmpAdv_1433285447031_btgj</name>
            <version>1</version>
            <label>tmpAdv_1433285447031_btgj</label>
            <description>Dashboard visualization.</description>
            <creationDate>2015-12-14T11:20:31.128Z</creationDate>
            <updateDate>2015-06-15T16:10:22.402+01:00</updateDate>
            <dataSource>
                <uri>/organizations/organization_1/Domains/supermartDomain</uri>
            </dataSource>
            <inputControl>
                <localResource exportedWithPermissions="false" xsi:type="inputControl">
                    <folder>/public/Samples/FreshDelivery_Demo/Employee_Dashboard_files/tmpAdv_1433285447031_btgj_files</folder>
                    <name>emp_store__region__sales_country_1</name>
                    <version>0</version>
                    <label>$R{supermart.region.sales_country.label}</label>
                    <creationDate>2015-12-14T11:20:31.128Z</creationDate>
                    <updateDate>2015-06-15T16:10:22.402+01:00</updateDate>
                    <type>7</type>
                    <mandatory>false</mandatory>
                    <readOnly>false</readOnly>
                    <visible>true</visible>
                    <query>
                        <localResource exportedWithPermissions="false" xsi:type="query">
                            <folder>/public/Samples/FreshDelivery_Demo/Employee_Dashboard_files/tmpAdv_1433285447031_btgj_files/emp_store__region__sales_country_1_files</folder>
                            <name>emp_store__region__sales_country_1</name>
                            <version>0</version>
                            <label>$R{supermart.region.sales_country.label}</label>
                            <creationDate>2015-12-14T11:20:31.128Z</creationDate>
                            <updateDate>2015-06-15T16:10:22.402+01:00</updateDate>
                            <language>domain</language>
                            <queryString>&lt;?xml version="1.0" encoding="UTF-8"?&gt;
&lt;query xmlns="http://www.jaspersoft.com/2007/SL/XMLSchema"&gt;
  &lt;groupList&gt;
    &lt;group columnName="employee.emp_store.emp_store__region.emp_store__region__sales_country" /&gt;
  &lt;/groupList&gt;
  &lt;queryFields&gt;
    &lt;queryField id="employee.emp_store.emp_store__region.emp_store__region__sales_country" /&gt;
    &lt;queryField id="region4.sales_country" /&gt;
  &lt;/queryFields&gt;
&lt;/query&gt;

</queryString>
                            <dataSource>
                                <uri>/organizations/organization_1/Domains/supermartDomain</uri>
                            </dataSource>
                        </localResource>
                    </query>
                    <queryVisibleColumn>employee.emp_store.emp_store__region.emp_store__region__sales_country</queryVisibleColumn>
                    <queryValueColumn>employee.emp_store.emp_store__region.emp_store__region__sales_country</queryValueColumn>
                </localResource>
            </inputControl>
            <inputControl>
                <localResource exportedWithPermissions="false" xsi:type="inputControl">
                    <folder>/public/Samples/FreshDelivery_Demo/Employee_Dashboard_files/tmpAdv_1433285447031_btgj_files</folder>
                    <name>employee__department_description_1</name>
                    <version>0</version>
                    <label>$R{supermart.department.department_description.label}</label>
                    <creationDate>2015-12-14T11:20:31.128Z</creationDate>
                    <updateDate>2015-06-15T16:10:22.402+01:00</updateDate>
                    <type>7</type>
                    <mandatory>false</mandatory>
                    <readOnly>false</readOnly>
                    <visible>true</visible>
                    <query>
                        <localResource exportedWithPermissions="false" xsi:type="query">
                            <folder>/public/Samples/FreshDelivery_Demo/Employee_Dashboard_files/tmpAdv_1433285447031_btgj_files/employee__department_description_1_files</folder>
                            <name>employee__department_description_1</name>
                            <version>0</version>
                            <label>$R{supermart.department.department_description.label}</label>
                            <creationDate>2015-12-14T11:20:31.128Z</creationDate>
                            <updateDate>2015-06-15T16:10:22.402+01:00</updateDate>
                            <language>domain</language>
                            <queryString>&lt;?xml version="1.0" encoding="UTF-8"?&gt;
&lt;query xmlns="http://www.jaspersoft.com/2007/SL/XMLSchema"&gt;
  &lt;groupList&gt;
    &lt;group columnName="employee.employee__department_description" /&gt;
  &lt;/groupList&gt;
  &lt;queryFields&gt;
    &lt;queryField id="department4.department_description" /&gt;
    &lt;queryField id="employee.employee__department_description" /&gt;
  &lt;/queryFields&gt;
&lt;/query&gt;

</queryString>
                            <dataSource>
                                <uri>/organizations/organization_1/Domains/supermartDomain</uri>
                            </dataSource>
                        </localResource>
                    </query>
                    <queryVisibleColumn>employee.employee__department_description</queryVisibleColumn>
                    <queryValueColumn>employee.employee__department_description</queryValueColumn>
                </localResource>
            </inputControl>
            <inputControl>
                <localResource exportedWithPermissions="false" xsi:type="inputControl">
                    <folder>/public/Samples/FreshDelivery_Demo/Employee_Dashboard_files/tmpAdv_1433285447031_btgj_files</folder>
                    <name>emp_store__store_type_1</name>
                    <version>0</version>
                    <label>$R{supermart.store.store_type.label}</label>
                    <creationDate>2015-12-14T11:20:31.128Z</creationDate>
                    <updateDate>2015-06-15T16:10:22.402+01:00</updateDate>
                    <type>7</type>
                    <mandatory>false</mandatory>
                    <readOnly>false</readOnly>
                    <visible>true</visible>
                    <query>
                        <localResource exportedWithPermissions="false" xsi:type="query">
                            <folder>/public/Samples/FreshDelivery_Demo/Employee_Dashboard_files/tmpAdv_1433285447031_btgj_files/emp_store__store_type_1_files</folder>
                            <name>emp_store__store_type_1</name>
                            <version>0</version>
                            <label>$R{supermart.store.store_type.label}</label>
                            <creationDate>2015-12-14T11:20:31.128Z</creationDate>
                            <updateDate>2015-06-15T16:10:22.402+01:00</updateDate>
                            <language>domain</language>
                            <queryString>&lt;?xml version="1.0" encoding="UTF-8"?&gt;
&lt;query xmlns="http://www.jaspersoft.com/2007/SL/XMLSchema"&gt;
  &lt;groupList&gt;
    &lt;group columnName="employee.emp_store.emp_store__store_type" /&gt;
  &lt;/groupList&gt;
  &lt;queryFields&gt;
    &lt;queryField id="store4.store_type" /&gt;
    &lt;queryField id="employee.emp_store.emp_store__store_type" /&gt;
  &lt;/queryFields&gt;
&lt;/query&gt;

</queryString>
                            <dataSource>
                                <uri>/organizations/organization_1/Domains/supermartDomain</uri>
                            </dataSource>
                        </localResource>
                    </query>
                    <queryVisibleColumn>employee.emp_store.emp_store__store_type</queryVisibleColumn>
                    <queryValueColumn>employee.emp_store.emp_store__store_type</queryValueColumn>
                </localResource>
            </inputControl>
            <resource>
                <localResource exportedWithPermissions="false"
                    dataFile="supermart_domain.properties.data" xsi:type="fileResource">
                    <folder>/public/Samples/FreshDelivery_Demo/Employee_Dashboard_files/tmpAdv_1433285447031_btgj_files</folder>
                    <name>supermart_domain.properties</name>
                    <version>0</version>
                    <label>bundle</label>
                    <description>bundle</description>
                    <creationDate>2015-12-14T11:20:31.128Z</creationDate>
                    <updateDate>2015-06-15T16:10:22.402+01:00</updateDate>
                    <fileType>prop</fileType>
                </localResource>
            </resource>
            <resource>
                <localResource exportedWithPermissions="false"
                    dataFile="supermart_domain_en_US.properties.data" xsi:type="fileResource">
                    <folder>/public/Samples/FreshDelivery_Demo/Employee_Dashboard_files/tmpAdv_1433285447031_btgj_files</folder>
                    <name>supermart_domain_en_US.properties</name>
                    <version>0</version>
                    <label>bundle</label>
                    <description>bundle</description>
                    <creationDate>2015-12-14T11:20:31.128Z</creationDate>
                    <updateDate>2015-06-15T16:10:22.402+01:00</updateDate>
                    <fileType>prop</fileType>
                </localResource>
            </resource>
            <resource>
                <localResource exportedWithPermissions="false"
                    dataFile="supermart_domain_de.properties.data" xsi:type="fileResource">
                    <folder>/public/Samples/FreshDelivery_Demo/Employee_Dashboard_files/tmpAdv_1433285447031_btgj_files</folder>
                    <name>supermart_domain_de.properties</name>
                    <version>0</version>
                    <label>bundle</label>
                    <description>bundle</description>
                    <creationDate>2015-12-14T11:20:31.128Z</creationDate>
                    <updateDate>2015-06-15T16:10:22.402+01:00</updateDate>
                    <fileType>prop</fileType>
                </localResource>
            </resource>
            <resource>
                <localResource exportedWithPermissions="false"
                    dataFile="supermart_domain_fr.properties.data" xsi:type="fileResource">
                    <folder>/public/Samples/FreshDelivery_Demo/Employee_Dashboard_files/tmpAdv_1433285447031_btgj_files</folder>
                    <name>supermart_domain_fr.properties</name>
                    <version>0</version>
                    <label>bundle</label>
                    <description>bundle</description>
                    <creationDate>2015-12-14T11:20:31.128Z</creationDate>
                    <updateDate>2015-06-15T16:10:22.402+01:00</updateDate>
                    <fileType>prop</fileType>
                </localResource>
            </resource>
            <resource>
                <localResource exportedWithPermissions="false"
                    dataFile="supermart_domain_es.properties.data" xsi:type="fileResource">
                    <folder>/public/Samples/FreshDelivery_Demo/Employee_Dashboard_files/tmpAdv_1433285447031_btgj_files</folder>
                    <name>supermart_domain_es.properties</name>
                    <version>0</version>
                    <label>bundle</label>
                    <description>bundle</description>
                    <creationDate>2015-12-14T11:20:31.128Z</creationDate>
                    <updateDate>2015-06-15T16:10:22.402+01:00</updateDate>
                    <fileType>prop</fileType>
                </localResource>
            </resource>
            <resource>
                <localResource exportedWithPermissions="false"
                    dataFile="supermart_domain_ja.properties.data" xsi:type="fileResource">
                    <folder>/public/Samples/FreshDelivery_Demo/Employee_Dashboard_files/tmpAdv_1433285447031_btgj_files</folder>
                    <name>supermart_domain_ja.properties</name>
                    <version>0</version>
                    <label>bundle</label>
                    <description>bundle</description>
                    <creationDate>2015-12-14T11:20:31.128Z</creationDate>
                    <updateDate>2015-06-15T16:10:22.402+01:00</updateDate>
                    <fileType>prop</fileType>
                </localResource>
            </resource>
            <resource>
                <localResource exportedWithPermissions="false"
                    dataFile="supermart_domain_zh_CN.properties.data" xsi:type="fileResource">
                    <folder>/public/Samples/FreshDelivery_Demo/Employee_Dashboard_files/tmpAdv_1433285447031_btgj_files</folder>
                    <name>supermart_domain_zh_CN.properties</name>
                    <version>0</version>
                    <label>bundle</label>
                    <description>bundle</description>
                    <creationDate>2015-12-14T11:20:31.128Z</creationDate>
                    <updateDate>2015-06-15T16:10:22.402+01:00</updateDate>
                    <fileType>prop</fileType>
                </localResource>
            </resource>
            <resource>
                <localResource exportedWithPermissions="false"
                    dataFile="topicJRXML.data" xsi:type="fileResource">
                    <folder>/public/Samples/FreshDelivery_Demo/Employee_Dashboard_files/tmpAdv_1433285447031_btgj_files</folder>
                    <name>topicJRXML</name>
                    <version>0</version>
                    <label>topicJRXML</label>
                    <creationDate>2015-12-14T11:20:31.128Z</creationDate>
                    <updateDate>2015-06-15T16:10:22.402+01:00</updateDate>
                    <fileType>jrxml</fileType>
                </localResource>
            </resource>
            <resource>
                <localResource exportedWithPermissions="false"
                    dataFile="stateXML.data" xsi:type="fileResource">
                    <folder>/public/Samples/FreshDelivery_Demo/Employee_Dashboard_files/tmpAdv_1433285447031_btgj_files</folder>
                    <name>stateXML</name>
                    <version>0</version>
                    <label>stateXML</label>
                    <creationDate>2015-12-14T11:20:31.128Z</creationDate>
                    <updateDate>2015-06-15T16:10:22.402+01:00</updateDate>
                    <fileType>xml</fileType>
                </localResource>
            </resource>
            <reports>
                <localResource exportedWithPermissions="false" xsi:type="reportUnit">
                    <folder>/public/Samples/FreshDelivery_Demo/Employee_Dashboard_files/tmpAdv_1433285447031_btgj_files</folder>
                    <name>dashboardReport</name>
                    <version>1</version>
                    <label>dashboardReport</label>
                    <creationDate>2015-12-14T11:20:31.128Z</creationDate>
                    <updateDate>2015-06-15T16:10:22.402+01:00</updateDate>
                    <mainReport>
                        <localResource exportedWithPermissions="false"
                            dataFile="mainReportJrxml.data" xsi:type="fileResource">
                            <folder>/public/Samples/FreshDelivery_Demo/Employee_Dashboard_files/tmpAdv_1433285447031_btgj_files/dashboardReport_files</folder>
                            <name>mainReportJrxml</name>
                            <version>0</version>
                            <label>mainReportJrxml</label>
                            <creationDate>2015-12-14T11:20:31.128Z</creationDate>
                            <updateDate>2015-06-15T16:10:22.402+01:00</updateDate>
                            <fileType>jrxml</fileType>
                        </localResource>
                    </mainReport>
                    <resource>
                        <localResource exportedWithPermissions="false"
                            dataFile="supermart_domain.properties.data" xsi:type="fileResource">
                            <folder>/public/Samples/FreshDelivery_Demo/Employee_Dashboard_files/tmpAdv_1433285447031_btgj_files/dashboardReport_files</folder>
                            <name>supermart_domain.properties</name>
                            <version>0</version>
                            <label>bundle</label>
                            <description>bundle</description>
                            <creationDate>2015-12-14T11:20:31.128Z</creationDate>
                            <updateDate>2015-06-15T16:10:22.402+01:00</updateDate>
                            <fileType>prop</fileType>
                        </localResource>
                    </resource>
                    <resource>
                        <localResource exportedWithPermissions="false"
                            dataFile="supermart_domain_en_US.properties.data" xsi:type="fileResource">
                            <folder>/public/Samples/FreshDelivery_Demo/Employee_Dashboard_files/tmpAdv_1433285447031_btgj_files/dashboardReport_files</folder>
                            <name>supermart_domain_en_US.properties</name>
                            <version>0</version>
                            <label>bundle</label>
                            <description>bundle</description>
                            <creationDate>2015-12-14T11:20:31.128Z</creationDate>
                            <updateDate>2015-06-15T16:10:22.402+01:00</updateDate>
                            <fileType>prop</fileType>
                        </localResource>
                    </resource>
                    <resource>
                        <localResource exportedWithPermissions="false"
                            dataFile="supermart_domain_de.properties.data" xsi:type="fileResource">
                            <folder>/public/Samples/FreshDelivery_Demo/Employee_Dashboard_files/tmpAdv_1433285447031_btgj_files/dashboardReport_files</folder>
                            <name>supermart_domain_de.properties</name>
                            <version>0</version>
                            <label>bundle</label>
                            <description>bundle</description>
                            <creationDate>2015-12-14T11:20:31.128Z</creationDate>
                            <updateDate>2015-06-15T16:10:22.402+01:00</updateDate>
                            <fileType>prop</fileType>
                        </localResource>
                    </resource>
                    <resource>
                        <localResource exportedWithPermissions="false"
                            dataFile="supermart_domain_fr.properties.data" xsi:type="fileResource">
                            <folder>/public/Samples/FreshDelivery_Demo/Employee_Dashboard_files/tmpAdv_1433285447031_btgj_files/dashboardReport_files</folder>
                            <name>supermart_domain_fr.properties</name>
                            <version>0</version>
                            <label>bundle</label>
                            <description>bundle</description>
                            <creationDate>2015-12-14T11:20:31.128Z</creationDate>
                            <updateDate>2015-06-15T16:10:22.402+01:00</updateDate>
                            <fileType>prop</fileType>
                        </localResource>
                    </resource>
                    <resource>
                        <localResource exportedWithPermissions="false"
                            dataFile="supermart_domain_es.properties.data" xsi:type="fileResource">
                            <folder>/public/Samples/FreshDelivery_Demo/Employee_Dashboard_files/tmpAdv_1433285447031_btgj_files/dashboardReport_files</folder>
                            <name>supermart_domain_es.properties</name>
                            <version>0</version>
                            <label>bundle</label>
                            <description>bundle</description>
                            <creationDate>2015-12-14T11:20:31.128Z</creationDate>
                            <updateDate>2015-06-15T16:10:22.402+01:00</updateDate>
                            <fileType>prop</fileType>
                        </localResource>
                    </resource>
                    <resource>
                        <localResource exportedWithPermissions="false"
                            dataFile="supermart_domain_ja.properties.data" xsi:type="fileResource">
                            <folder>/public/Samples/FreshDelivery_Demo/Employee_Dashboard_files/tmpAdv_1433285447031_btgj_files/dashboardReport_files</folder>
                            <name>supermart_domain_ja.properties</name>
                            <version>0</version>
                            <label>bundle</label>
                            <description>bundle</description>
                            <creationDate>2015-12-14T11:20:31.128Z</creationDate>
                            <updateDate>2015-06-15T16:10:22.402+01:00</updateDate>
                            <fileType>prop</fileType>
                        </localResource>
                    </resource>
                    <resource>
                        <localResource exportedWithPermissions="false"
                            dataFile="supermart_domain_zh_CN.properties.data" xsi:type="fileResource">
                            <folder>/public/Samples/FreshDelivery_Demo/Employee_Dashboard_files/tmpAdv_1433285447031_btgj_files/dashboardReport_files</folder>
                            <name>supermart_domain_zh_CN.properties</name>
                            <version>0</version>
                            <label>bundle</label>
                            <description>bundle</description>
                            <creationDate>2015-12-14T11:20:31.128Z</creationDate>
                            <updateDate>2015-06-15T16:10:22.402+01:00</updateDate>
                            <fileType>prop</fileType>
                        </localResource>
                    </resource>
                    <resource>
                        <localResource exportedWithPermissions="false"
                            dataFile="stateXML.data" xsi:type="fileResource">
                            <folder>/public/Samples/FreshDelivery_Demo/Employee_Dashboard_files/tmpAdv_1433285447031_btgj_files/dashboardReport_files</folder>
                            <name>stateXML</name>
                            <version>0</version>
                            <label>stateXML</label>
                            <creationDate>2015-12-14T11:20:31.128Z</creationDate>
                            <updateDate>2015-06-15T16:10:22.402+01:00</updateDate>
                            <fileType>xml</fileType>
                        </localResource>
                    </resource>
                    <alwaysPromptControls>false</alwaysPromptControls>
                    <controlsLayout>1</controlsLayout>
                </localResource>
            </reports>
            <alwaysPromptControls>false</alwaysPromptControls>
            <controlsLayout>1</controlsLayout>
        </localResource>
    </resource>
</dashboardModelResource>
