<?xml version="1.0" encoding="UTF-8"?>
<adhocDataView exportedWithPermissions="true">
    <folder>/public/Samples/FreshDelivery_Demo</folder>
    <name>Shipping_Optimizer___Units_and_Price_per_Pallet</name>
    <version>1</version>
    <label>Shipping Optimizer - Units and Price per Pallet</label>
    <description>Shipping Optimizer Ad Hoc View2</description>
    <creationDate>2015-12-14T11:20:36.231Z</creationDate>
    <updateDate>2015-10-22T13:09:44.228+01:00</updateDate>
    <dataSource>
        <uri>/public/Samples/Domains/supermartDomain</uri>
    </dataSource>
    <inputControl>
        <localResource
            xmlns:xsi="http://www.w3.org/2001/XMLSchema-instance"
            exportedWithPermissions="false" xsi:type="inputControl">
            <folder>/public/Samples/FreshDelivery_Demo/Shipping_Optimizer___Units_and_Price_per_Pallet_files</folder>
            <name>inv__product__brand_name_1</name>
            <version>1</version>
            <label>$R{supermart.product.brand_name.label}</label>
            <creationDate>2015-12-14T11:20:36.231Z</creationDate>
            <updateDate>2015-10-22T13:09:44.228+01:00</updateDate>
            <type>7</type>
            <mandatory>false</mandatory>
            <readOnly>false</readOnly>
            <visible>true</visible>
            <query>
                <localResource exportedWithPermissions="false" xsi:type="query">
                    <folder>/public/Samples/FreshDelivery_Demo/Shipping_Optimizer___Units_and_Price_per_Pallet_files/inv__product__brand_name_1_files</folder>
                    <name>inv__product__brand_name_1</name>
                    <version>0</version>
                    <label>$R{supermart.product.brand_name.label}</label>
                    <creationDate>2015-12-14T11:20:36.231Z</creationDate>
                    <updateDate>2015-10-22T13:09:44.228+01:00</updateDate>
                    <language>domain</language>
                    <queryString>&lt;?xml version="1.0" encoding="UTF-8"?&gt;
&lt;query xmlns="http://www.jaspersoft.com/2007/SL/XMLSchema"&gt;
  &lt;groupList&gt;
    &lt;group columnName="inventory_fact_ALL.inv__product.inv__product__brand_name" /&gt;
  &lt;/groupList&gt;
  &lt;queryFields&gt;
    &lt;queryField id="inventory_fact_ALL.inv__product.inv__product__brand_name" /&gt;
    &lt;queryField id="product2.brand_name" /&gt;
  &lt;/queryFields&gt;
&lt;/query&gt;

</queryString>
                    <dataSource>
                        <uri>/public/Samples/Domains/supermartDomain</uri>
                    </dataSource>
                </localResource>
            </query>
            <queryVisibleColumn>inventory_fact_ALL.inv__product.inv__product__brand_name</queryVisibleColumn>
            <queryValueColumn>inventory_fact_ALL.inv__product.inv__product__brand_name</queryValueColumn>
        </localResource>
    </inputControl>
    <inputControl>
        <localResource
            xmlns:xsi="http://www.w3.org/2001/XMLSchema-instance"
            exportedWithPermissions="false" xsi:type="inputControl">
            <folder>/public/Samples/FreshDelivery_Demo/Shipping_Optimizer___Units_and_Price_per_Pallet_files</folder>
            <name>inv__product__recyclable_package_1</name>
            <version>1</version>
            <label>$R{supermart.product.recyclable_package.label}</label>
            <creationDate>2015-12-14T11:20:36.231Z</creationDate>
            <updateDate>2015-10-22T13:09:44.228+01:00</updateDate>
            <type>1</type>
            <mandatory>false</mandatory>
            <readOnly>false</readOnly>
            <visible>true</visible>
        </localResource>
    </inputControl>
    <inputControl>
        <localResource
            xmlns:xsi="http://www.w3.org/2001/XMLSchema-instance"
            exportedWithPermissions="false" xsi:type="inputControl">
            <folder>/public/Samples/FreshDelivery_Demo/Shipping_Optimizer___Units_and_Price_per_Pallet_files</folder>
            <name>inv__product__low_fat_1</name>
            <version>1</version>
            <label>$R{supermart.product.low_fat.label}</label>
            <creationDate>2015-12-14T11:20:36.231Z</creationDate>
            <updateDate>2015-10-22T13:09:44.228+01:00</updateDate>
            <type>1</type>
            <mandatory>false</mandatory>
            <readOnly>false</readOnly>
            <visible>true</visible>
        </localResource>
    </inputControl>
    <resource>
        <localResource
            xmlns:xsi="http://www.w3.org/2001/XMLSchema-instance"
            exportedWithPermissions="false"
            dataFile="supermart_domain.properties.data" xsi:type="fileResource">
            <folder>/public/Samples/FreshDelivery_Demo/Shipping_Optimizer___Units_and_Price_per_Pallet_files</folder>
            <name>supermart_domain.properties</name>
            <version>1</version>
            <label>bundle</label>
            <description>bundle</description>
            <creationDate>2015-12-14T11:20:36.231Z</creationDate>
            <updateDate>2014-10-28T18:18:28.480Z</updateDate>
            <fileType>prop</fileType>
        </localResource>
    </resource>
    <resource>
        <localResource
            xmlns:xsi="http://www.w3.org/2001/XMLSchema-instance"
            exportedWithPermissions="false"
            dataFile="supermart_domain_en_US.properties.data" xsi:type="fileResource">
            <folder>/public/Samples/FreshDelivery_Demo/Shipping_Optimizer___Units_and_Price_per_Pallet_files</folder>
            <name>supermart_domain_en_US.properties</name>
            <version>1</version>
            <label>bundle</label>
            <description>bundle</description>
            <creationDate>2015-12-14T11:20:36.231Z</creationDate>
            <updateDate>2014-10-28T18:18:28.480Z</updateDate>
            <fileType>prop</fileType>
        </localResource>
    </resource>
    <resource>
        <localResource
            xmlns:xsi="http://www.w3.org/2001/XMLSchema-instance"
            exportedWithPermissions="false"
            dataFile="supermart_domain_es.properties.data" xsi:type="fileResource">
            <folder>/public/Samples/FreshDelivery_Demo/Shipping_Optimizer___Units_and_Price_per_Pallet_files</folder>
            <name>supermart_domain_es.properties</name>
            <version>1</version>
            <label>bundle</label>
            <description>bundle</description>
            <creationDate>2015-12-14T11:20:36.231Z</creationDate>
            <updateDate>2014-10-28T18:18:28.480Z</updateDate>
            <fileType>prop</fileType>
        </localResource>
    </resource>
    <resource>
        <localResource
            xmlns:xsi="http://www.w3.org/2001/XMLSchema-instance"
            exportedWithPermissions="false"
            dataFile="supermart_domain_fr.properties.data" xsi:type="fileResource">
            <folder>/public/Samples/FreshDelivery_Demo/Shipping_Optimizer___Units_and_Price_per_Pallet_files</folder>
            <name>supermart_domain_fr.properties</name>
            <version>1</version>
            <label>bundle</label>
            <description>bundle</description>
            <creationDate>2015-12-14T11:20:36.231Z</creationDate>
            <updateDate>2014-10-28T18:18:28.480Z</updateDate>
            <fileType>prop</fileType>
        </localResource>
    </resource>
    <resource>
        <localResource
            xmlns:xsi="http://www.w3.org/2001/XMLSchema-instance"
            exportedWithPermissions="false"
            dataFile="supermart_domain_ja.properties.data" xsi:type="fileResource">
            <folder>/public/Samples/FreshDelivery_Demo/Shipping_Optimizer___Units_and_Price_per_Pallet_files</folder>
            <name>supermart_domain_ja.properties</name>
            <version>1</version>
            <label>bundle</label>
            <description>bundle</description>
            <creationDate>2015-12-14T11:20:36.231Z</creationDate>
            <updateDate>2014-10-28T18:18:28.480Z</updateDate>
            <fileType>prop</fileType>
        </localResource>
    </resource>
    <resource>
        <localResource
            xmlns:xsi="http://www.w3.org/2001/XMLSchema-instance"
            exportedWithPermissions="false"
            dataFile="supermart_domain_zh_CN.properties.data" xsi:type="fileResource">
            <folder>/public/Samples/FreshDelivery_Demo/Shipping_Optimizer___Units_and_Price_per_Pallet_files</folder>
            <name>supermart_domain_zh_CN.properties</name>
            <version>1</version>
            <label>bundle</label>
            <description>bundle</description>
            <creationDate>2015-12-14T11:20:36.231Z</creationDate>
            <updateDate>2014-10-28T18:18:28.480Z</updateDate>
            <fileType>prop</fileType>
        </localResource>
    </resource>
    <resource>
        <localResource
            xmlns:xsi="http://www.w3.org/2001/XMLSchema-instance"
            exportedWithPermissions="false"
            dataFile="supermart_domain_de.properties.data" xsi:type="fileResource">
            <folder>/public/Samples/FreshDelivery_Demo/Shipping_Optimizer___Units_and_Price_per_Pallet_files</folder>
            <name>supermart_domain_de.properties</name>
            <version>1</version>
            <label>bundle</label>
            <description>bundle</description>
            <creationDate>2015-12-14T11:20:36.231Z</creationDate>
            <updateDate>2014-10-28T18:18:28.480Z</updateDate>
            <fileType>prop</fileType>
        </localResource>
    </resource>
    <resource>
        <localResource
            xmlns:xsi="http://www.w3.org/2001/XMLSchema-instance"
            exportedWithPermissions="false" dataFile="topicJRXML.data" xsi:type="fileResource">
            <folder>/public/Samples/FreshDelivery_Demo/Shipping_Optimizer___Units_and_Price_per_Pallet_files</folder>
            <name>topicJRXML</name>
            <version>1</version>
            <label>topicJRXML</label>
            <creationDate>2015-12-14T11:20:36.231Z</creationDate>
            <updateDate>2014-10-28T18:18:28.480Z</updateDate>
            <fileType>jrxml</fileType>
        </localResource>
    </resource>
    <resource>
        <localResource
            xmlns:xsi="http://www.w3.org/2001/XMLSchema-instance"
            exportedWithPermissions="false" dataFile="stateXML.data" xsi:type="fileResource">
            <folder>/public/Samples/FreshDelivery_Demo/Shipping_Optimizer___Units_and_Price_per_Pallet_files</folder>
            <name>stateXML</name>
            <version>1</version>
            <label>stateXML</label>
            <creationDate>2015-12-14T11:20:36.231Z</creationDate>
            <updateDate>2014-10-28T18:18:28.480Z</updateDate>
            <fileType>xml</fileType>
        </localResource>
    </resource>
    <reports>
        <localResource
            xmlns:xsi="http://www.w3.org/2001/XMLSchema-instance"
            exportedWithPermissions="false" xsi:type="reportUnit">
            <folder>/public/Samples/FreshDelivery_Demo/Shipping_Optimizer___Units_and_Price_per_Pallet_files</folder>
            <name>dashboardReport</name>
            <version>1</version>
            <label>dashboardReport</label>
            <creationDate>2015-12-14T11:20:36.231Z</creationDate>
            <updateDate>2015-10-22T13:09:44.228+01:00</updateDate>
            <mainReport>
                <localResource exportedWithPermissions="false"
                    dataFile="mainReportJrxml.data" xsi:type="fileResource">
                    <folder>/public/Samples/FreshDelivery_Demo/Shipping_Optimizer___Units_and_Price_per_Pallet_files/dashboardReport_files</folder>
                    <name>mainReportJrxml</name>
                    <version>0</version>
                    <label>mainReportJrxml</label>
                    <creationDate>2015-12-14T11:20:36.231Z</creationDate>
                    <updateDate>2015-10-22T13:09:44.228+01:00</updateDate>
                    <fileType>jrxml</fileType>
                </localResource>
            </mainReport>
            <resource>
                <localResource exportedWithPermissions="false"
                    dataFile="supermart_domain.properties.data" xsi:type="fileResource">
                    <folder>/public/Samples/FreshDelivery_Demo/Shipping_Optimizer___Units_and_Price_per_Pallet_files/dashboardReport_files</folder>
                    <name>supermart_domain.properties</name>
                    <version>0</version>
                    <label>bundle</label>
                    <description>bundle</description>
                    <creationDate>2015-12-14T11:20:36.231Z</creationDate>
                    <updateDate>2015-10-22T13:09:44.228+01:00</updateDate>
                    <fileType>prop</fileType>
                </localResource>
            </resource>
            <resource>
                <localResource exportedWithPermissions="false"
                    dataFile="supermart_domain_en_US.properties.data" xsi:type="fileResource">
                    <folder>/public/Samples/FreshDelivery_Demo/Shipping_Optimizer___Units_and_Price_per_Pallet_files/dashboardReport_files</folder>
                    <name>supermart_domain_en_US.properties</name>
                    <version>0</version>
                    <label>bundle</label>
                    <description>bundle</description>
                    <creationDate>2015-12-14T11:20:36.231Z</creationDate>
                    <updateDate>2015-10-22T13:09:44.228+01:00</updateDate>
                    <fileType>prop</fileType>
                </localResource>
            </resource>
            <resource>
                <localResource exportedWithPermissions="false"
                    dataFile="supermart_domain_es.properties.data" xsi:type="fileResource">
                    <folder>/public/Samples/FreshDelivery_Demo/Shipping_Optimizer___Units_and_Price_per_Pallet_files/dashboardReport_files</folder>
                    <name>supermart_domain_es.properties</name>
                    <version>0</version>
                    <label>bundle</label>
                    <description>bundle</description>
                    <creationDate>2015-12-14T11:20:36.231Z</creationDate>
                    <updateDate>2015-10-22T13:09:44.228+01:00</updateDate>
                    <fileType>prop</fileType>
                </localResource>
            </resource>
            <resource>
                <localResource exportedWithPermissions="false"
                    dataFile="supermart_domain_fr.properties.data" xsi:type="fileResource">
                    <folder>/public/Samples/FreshDelivery_Demo/Shipping_Optimizer___Units_and_Price_per_Pallet_files/dashboardReport_files</folder>
                    <name>supermart_domain_fr.properties</name>
                    <version>0</version>
                    <label>bundle</label>
                    <description>bundle</description>
                    <creationDate>2015-12-14T11:20:36.231Z</creationDate>
                    <updateDate>2015-10-22T13:09:44.228+01:00</updateDate>
                    <fileType>prop</fileType>
                </localResource>
            </resource>
            <resource>
                <localResource exportedWithPermissions="false"
                    dataFile="supermart_domain_ja.properties.data" xsi:type="fileResource">
                    <folder>/public/Samples/FreshDelivery_Demo/Shipping_Optimizer___Units_and_Price_per_Pallet_files/dashboardReport_files</folder>
                    <name>supermart_domain_ja.properties</name>
                    <version>0</version>
                    <label>bundle</label>
                    <description>bundle</description>
                    <creationDate>2015-12-14T11:20:36.231Z</creationDate>
                    <updateDate>2015-10-22T13:09:44.228+01:00</updateDate>
                    <fileType>prop</fileType>
                </localResource>
            </resource>
            <resource>
                <localResource exportedWithPermissions="false"
                    dataFile="supermart_domain_zh_CN.properties.data" xsi:type="fileResource">
                    <folder>/public/Samples/FreshDelivery_Demo/Shipping_Optimizer___Units_and_Price_per_Pallet_files/dashboardReport_files</folder>
                    <name>supermart_domain_zh_CN.properties</name>
                    <version>0</version>
                    <label>bundle</label>
                    <description>bundle</description>
                    <creationDate>2015-12-14T11:20:36.231Z</creationDate>
                    <updateDate>2015-10-22T13:09:44.228+01:00</updateDate>
                    <fileType>prop</fileType>
                </localResource>
            </resource>
            <resource>
                <localResource exportedWithPermissions="false"
                    dataFile="supermart_domain_de.properties.data" xsi:type="fileResource">
                    <folder>/public/Samples/FreshDelivery_Demo/Shipping_Optimizer___Units_and_Price_per_Pallet_files/dashboardReport_files</folder>
                    <name>supermart_domain_de.properties</name>
                    <version>0</version>
                    <label>bundle</label>
                    <description>bundle</description>
                    <creationDate>2015-12-14T11:20:36.231Z</creationDate>
                    <updateDate>2015-10-22T13:09:44.228+01:00</updateDate>
                    <fileType>prop</fileType>
                </localResource>
            </resource>
            <resource>
                <localResource exportedWithPermissions="false"
                    dataFile="stateXML.data" xsi:type="fileResource">
                    <folder>/public/Samples/FreshDelivery_Demo/Shipping_Optimizer___Units_and_Price_per_Pallet_files/dashboardReport_files</folder>
                    <name>stateXML</name>
                    <version>0</version>
                    <label>stateXML</label>
                    <creationDate>2015-12-14T11:20:36.231Z</creationDate>
                    <updateDate>2015-10-22T13:09:44.228+01:00</updateDate>
                    <fileType>xml</fileType>
                </localResource>
            </resource>
            <alwaysPromptControls>false</alwaysPromptControls>
            <controlsLayout>1</controlsLayout>
        </localResource>
    </reports>
    <alwaysPromptControls>false</alwaysPromptControls>
    <controlsLayout>1</controlsLayout>
</adhocDataView>
