<?xml version="1.0" encoding="UTF-8"?>
<jndiJdbcDataSource exportedWithPermissions="true">
    <folder>/organizations/organization_1/analysis/datasources</folder>
    <name>FoodmartDataSourceJNDI</name>
    <version>1</version>
    <label>Foodmart Data Source JNDI</label>
    <description>Foodmart Data Source JNDI</description>
    <creationDate>2015-12-14T11:19:43.779Z</creationDate>
    <updateDate>2015-11-18T22:59:33.879Z</updateDate>
    <jndiName>jdbc/foodmart</jndiName>
</jndiJdbcDataSource>
