<?xml version="1.0" encoding="UTF-8"?>
<folder exportedWithPermissions="true">
    <parent>/</parent>
    <name>public</name>
    <label>Public</label>
    <description></description>
    <creationDate>2015-11-25T16:47:41.680Z</creationDate>
    <updateDate>2015-11-19T09:59:37.348Z</updateDate>
    <permission>
        <permissionMask>30</permissionMask>
        <recipient recipientType="role">ROLE_USER</recipient>
    </permission>
    <permission>
        <permissionMask>30</permissionMask>
        <recipient recipientType="role">ROLE_DEMO</recipient>
    </permission>
</folder>
